Timestamp,Starttime,Country,ISO-3166-1-a2,Region,ISO-3166-2,Language,Reach,Cases,Recovered,Fatalities,RecentCases,StillSick,Tested,Positive,Hospital,Severe,ICU,Surveyfirst,Surveyknown,Surveyforward,Dataset,Cookie,Campaign
"2020/03/23 01:00:58 PM UTC",,Italy,IT,,,,50,0,,,,,,,,,,,,,IT-raw-csv,,
"2020/03/23 01:01:08 PM UTC",,Italy,IT,,,,,0,,,,,,,,,,,,,IT-raw-csv,,
"2020/03/23 01:05:10 PM UTC",,Italy,IT,,,,,1,,,,,,,,,,,,,IT-raw-csv,,
"2020/03/23 01:08:16 PM UTC",,Italy,IT,,,,12,0,,,,,,,,,,,,,IT-raw-csv,,
"2020/03/23 01:18:21 PM UTC",,Italy,IT,,,,20,0,,,,,,,,,,,,,IT-raw-csv,,
"2020/03/23 01:20:10 PM UTC",,Italy,IT,,,,40,1,,,,,,,,,,,,,IT-raw-csv,,
"2020/03/23 01:21:45 PM UTC",,Italy,IT,,,,32,0,,,,,,,,,,,,,IT-raw-csv,,
"2020/03/23 01:21:58 PM UTC",,Italy,IT,,,,30,0,,,,,,,,,,,,,IT-raw-csv,,
"2020/03/23 01:23:34 PM UTC",,Italy,IT,,,,,0,,,,,,,,,,,,,IT-raw-csv,,
"2020/03/23 01:27:30 PM UTC",,Italy,IT,,,,,0,,,,,,,,,,,,,IT-raw-csv,,
"2020/03/23 01:31:25 PM UTC",,Italy,IT,,,,10,0,,,,,,,,,,,,,IT-raw-csv,,
"2020/03/23 01:31:32 PM UTC",,Italy,IT,,,,10,0,,,,,,,,,,,,,IT-raw-csv,,
"2020/03/23 01:32:32 PM UTC",,Italy,IT,,,,,0,,,,,,,,,,,,,IT-raw-csv,,
"2020/03/23 01:33:33 PM UTC",,Italy,IT,,,,30,0,,,,,,,,,,,,,IT-raw-csv,,
"2020/03/23 01:33:44 PM UTC",,Italy,IT,,,,5,0,,,,,,,,,,,,,IT-raw-csv,,
"2020/03/23 01:35:43 PM UTC",,Italy,IT,,,,15,0,,,,,,,,,,,,,IT-raw-csv,,
"2020/03/23 01:35:48 PM UTC",,Italy,IT,,,,15,0,,,,,,,,,,,,,IT-raw-csv,,
"2020/03/23 01:37:15 PM UTC",,Italy,IT,,,,30,0,,,,,,,,,,,,,IT-raw-csv,,
"2020/03/23 01:38:15 PM UTC",,Italy,IT,,,,4,0,,,,,,,,,,,,,IT-raw-csv,,
"2020/03/23 01:39:48 PM UTC",,Italy,IT,,,,5,0,,,,,,,,,,,,,IT-raw-csv,,
"2020/03/23 01:41:22 PM UTC",,Italy,IT,,,,,0,,,,,,,,,,,,,IT-raw-csv,,
"2020/03/23 01:42:04 PM UTC",,Italy,IT,,,,12,0,,,,,,,,,,,,,IT-raw-csv,,
"2020/03/23 01:48:19 PM UTC",,Italy,IT,,,,200,1,,,,,,,,,,,,,IT-raw-csv,,
"2020/03/23 01:49:21 PM UTC",,Italy,IT,,,,15,0,,,,,,,,,,,,,IT-raw-csv,,
"2020/03/23 01:49:37 PM UTC",,Italy,IT,,,,40,0,,,,,,,,,,,,,IT-raw-csv,,
"2020/03/23 01:51:07 PM UTC",,Italy,IT,,,,50,1,,,,,,,,,,,,,IT-raw-csv,,
"2020/03/23 01:51:13 PM UTC",,Italy,IT,,,,25,0,,,,,,,,,,,,,IT-raw-csv,,
"2020/03/23 01:51:53 PM UTC",,Italy,IT,,,,,0,,,,,,,,,,,,,IT-raw-csv,,
"2020/03/23 01:52:26 PM UTC",,Italy,IT,,,,15,0,,,,,,,,,,,,,IT-raw-csv,,
"2020/03/23 01:54:44 PM UTC",,Italy,IT,,,,30,0,,,,,,,,,,,,,IT-raw-csv,,
"2020/03/23 01:54:52 PM UTC",,Italy,IT,,,,,0,,,,,,,,,,,,,IT-raw-csv,,
"2020/03/23 01:55:13 PM UTC",,Italy,IT,,,,30,0,,,,,,,,,,,,,IT-raw-csv,,
"2020/03/23 01:56:00 PM UTC",,Italy,IT,,,,,3,,,,,,,,,,,,,IT-raw-csv,,
"2020/03/23 01:56:20 PM UTC",,Italy,IT,,,,25,4,,,,,,,,,,,,,IT-raw-csv,,
"2020/03/23 01:56:40 PM UTC",,Italy,IT,,,,10,0,,,,,,,,,,,,,IT-raw-csv,,
"2020/03/23 01:56:45 PM UTC",,Italy,IT,,,,70,3,,,,,,,,,,,,,IT-raw-csv,,
"2020/03/23 01:57:01 PM UTC",,Italy,IT,,,,,0,,,,,,,,,,,,,IT-raw-csv,,
"2020/03/23 01:57:08 PM UTC",,Italy,IT,,,,,0,,,,,,,,,,,,,IT-raw-csv,,
"2020/03/23 01:57:53 PM UTC",,Italy,IT,,,,,0,,,,,,,,,,,,,IT-raw-csv,,
"2020/03/23 01:59:07 PM UTC",,Italy,IT,,,,,0,,,,,,,,,,,,,IT-raw-csv,,
"2020/03/23 01:59:45 PM UTC",,Italy,IT,,,,,0,,,,,,,,,,,,,IT-raw-csv,,
"2020/03/23 02:00:01 PM UTC",,Italy,IT,,,,10,0,,,,,,,,,,,,,IT-raw-csv,,
"2020/03/23 02:01:42 PM UTC",,Italy,IT,,,,50,0,,,,,,,,,,,,,IT-raw-csv,,
"2020/03/23 02:03:05 PM UTC",,Italy,IT,,,,,0,,,,,,,,,,,,,IT-raw-csv,,
"2020/03/23 02:05:25 PM UTC",,Italy,IT,,,,15,0,,,,,,,,,,,,,IT-raw-csv,,
"2020/03/23 02:06:59 PM UTC",,Italy,IT,,,,4,0,,,,,,,,,,,,,IT-raw-csv,,
"2020/03/23 02:07:34 PM UTC",,Italy,IT,,,,12,0,,,,,,,,,,,,,IT-raw-csv,,
"2020/03/23 02:08:52 PM UTC",,Italy,IT,,,,10,0,,,,,,,,,,,,,IT-raw-csv,,
"2020/03/23 02:09:19 PM UTC",,Italy,IT,,,,10,0,,,,,,,,,,,,,IT-raw-csv,,
"2020/03/23 02:11:50 PM UTC",,Italy,IT,,,,,0,,,,,,,,,,,,,IT-raw-csv,,
"2020/03/23 02:13:02 PM UTC",,Italy,IT,,,,15,0,,,,,,,,,,,,,IT-raw-csv,,
"2020/03/23 02:14:13 PM UTC",,Italy,IT,,,,20,1,,,,,,,,,,,,,IT-raw-csv,,
"2020/03/23 02:14:16 PM UTC",,Italy,IT,,,,15,2,,,,,,,,,,,,,IT-raw-csv,,
"2020/03/23 02:16:09 PM UTC",,Italy,IT,,,,15,0,,,,,,,,,,,,,IT-raw-csv,,
"2020/03/23 02:18:44 PM UTC",,Italy,IT,,,,2,0,,,,,,,,,,,,,IT-raw-csv,,
"2020/03/23 02:20:04 PM UTC",,Italy,IT,,,,150,0,,,,,,,,,,,,,IT-raw-csv,,
"2020/03/23 02:20:09 PM UTC",,Italy,IT,,,,,0,,,,,,,,,,,,,IT-raw-csv,,
"2020/03/23 02:21:11 PM UTC",,Italy,IT,,,,20,0,,,,,,,,,,,,,IT-raw-csv,,
"2020/03/23 02:21:22 PM UTC",,Italy,IT,,,,,0,,,,,,,,,,,,,IT-raw-csv,,
"2020/03/23 02:22:22 PM UTC",,Italy,IT,,,,8,0,,,,,,,,,,,,,IT-raw-csv,,
"2020/03/23 02:22:53 PM UTC",,Italy,IT,,,,15,1,,,,,,,,,,,,,IT-raw-csv,,
"2020/03/23 02:24:12 PM UTC",,Italy,IT,,,,,0,,,,,,,,,,,,,IT-raw-csv,,
"2020/03/23 02:27:03 PM UTC",,Italy,IT,,,,15,0,,,,,,,,,,,,,IT-raw-csv,,
"2020/03/23 02:28:00 PM UTC",,Italy,IT,,,,26,0,,,,,,,,,,,,,IT-raw-csv,,
"2020/03/23 02:29:32 PM UTC",,Italy,IT,,,,15,0,,,,,,,,,,,,,IT-raw-csv,,
"2020/03/23 02:29:40 PM UTC",,Italy,IT,,,,,0,,,,,,,,,,,,,IT-raw-csv,,
"2020/03/23 02:32:11 PM UTC",,Italy,IT,,,,,0,,,,,,,,,,,,,IT-raw-csv,,
"2020/03/23 02:35:10 PM UTC",,Italy,IT,,,,,0,,,,,,,,,,,,,IT-raw-csv,,
"2020/03/23 02:38:04 PM UTC",,Italy,IT,,,,20,1,,,,,,,,,,,,,IT-raw-csv,,
"2020/03/23 02:38:47 PM UTC",,Italy,IT,,,,,0,,,,,,,,,,,,,IT-raw-csv,,
"2020/03/23 02:39:12 PM UTC",,Italy,IT,,,,,0,,,,,,,,,,,,,IT-raw-csv,,
"2020/03/23 02:41:45 PM UTC",,Italy,IT,,,,,0,,,,,,,,,,,,,IT-raw-csv,,
"2020/03/23 02:48:18 PM UTC",,Italy,IT,,,,8,0,,,,,,,,,,,,,IT-raw-csv,,
"2020/03/23 02:52:52 PM UTC",,Italy,IT,,,,30,0,,,,,,,,,,,,,IT-raw-csv,,
"2020/03/23 03:06:19 PM UTC",,Italy,IT,,,,,0,,,,,,,,,,,,,IT-raw-csv,,
"2020/03/23 03:08:12 PM UTC",,Italy,IT,,,,10,0,,,,,,,,,,,,,IT-raw-csv,,
"2020/03/23 03:17:20 PM UTC",,Italy,IT,,,,10,0,,,,,,,,,,,,,IT-raw-csv,,
"2020/03/23 03:18:53 PM UTC",,Italy,IT,,,,70,2,,,,,,,,,,,,,IT-raw-csv,,
"2020/03/23 03:19:19 PM UTC",,Italy,IT,,,,20,0,,,,,,,,,,,,,IT-raw-csv,,
"2020/03/23 03:19:35 PM UTC",,Italy,IT,,,,100,0,,,,,,,,,,,,,IT-raw-csv,,
"2020/03/23 03:20:22 PM UTC",,Italy,IT,,,,45,0,,,,,,,,,,,,,IT-raw-csv,,
"2020/03/23 03:21:51 PM UTC",,Italy,IT,,,,20,1,,,,,,,,,,,,,IT-raw-csv,,
"2020/03/23 03:23:51 PM UTC",,Italy,IT,,,,50,0,,,,,,,,,,,,,IT-raw-csv,,
"2020/03/23 03:23:57 PM UTC",,Italy,IT,,,,40,0,,,,,,,,,,,,,IT-raw-csv,,
"2020/03/23 03:24:27 PM UTC",,Italy,IT,,,,,1,,,,,,,,,,,,,IT-raw-csv,,
"2020/03/23 03:27:23 PM UTC",,Italy,IT,,,,10,0,,,,,,,,,,,,,IT-raw-csv,,
"2020/03/23 03:28:35 PM UTC",,Italy,IT,,,,,0,,,,,,,,,,,,,IT-raw-csv,,
"2020/03/23 03:28:55 PM UTC",,Italy,IT,,,,30,0,,,,,,,,,,,,,IT-raw-csv,,
"2020/03/23 03:29:06 PM UTC",,Italy,IT,,,,30,2,,,,,,,,,,,,,IT-raw-csv,,
"2020/03/23 03:29:18 PM UTC",,Italy,IT,,,,,0,,,,,,,,,,,,,IT-raw-csv,,
"2020/03/23 03:31:00 PM UTC",,Italy,IT,,,,20,0,,,,,,,,,,,,,IT-raw-csv,,
"2020/03/23 03:31:14 PM UTC",,Italy,IT,,,,30,0,,,,,,,,,,,,,IT-raw-csv,,
"2020/03/23 03:35:52 PM UTC",,Italy,IT,,,,40,0,,,,,,,,,,,,,IT-raw-csv,,
"2020/03/23 03:38:11 PM UTC",,Italy,IT,,,,15,0,,,,,,,,,,,,,IT-raw-csv,,
"2020/03/23 03:42:12 PM UTC",,Italy,IT,,,,,0,,,,,,,,,,,,,IT-raw-csv,,
"2020/03/23 03:42:21 PM UTC",,Italy,IT,,,,100,1,,,,,,,,,,,,,IT-raw-csv,,
"2020/03/23 03:44:39 PM UTC",,Italy,IT,,,,15,0,,,,,,,,,,,,,IT-raw-csv,,
"2020/03/23 03:46:55 PM UTC",,Italy,IT,,,,8,0,,,,,,,,,,,,,IT-raw-csv,,
"2020/03/23 03:47:55 PM UTC",,Italy,IT,,,,50,0,,,,,,,,,,,,,IT-raw-csv,,
"2020/03/23 03:49:27 PM UTC",,Italy,IT,,,,,2,,,,,,,,,,,,,IT-raw-csv,,
"2020/03/23 03:58:06 PM UTC",,Italy,IT,,,,,1,,,,,,,,,,,,,IT-raw-csv,,
"2020/03/23 03:59:05 PM UTC",,Italy,IT,,,,30,0,,,,,,,,,,,,,IT-raw-csv,,
"2020/03/23 04:00:40 PM UTC",,Italy,IT,,,,,0,,,,,,,,,,,,,IT-raw-csv,,
"2020/03/23 04:08:44 PM UTC",,Italy,IT,,,,,0,,,,,,,,,,,,,IT-raw-csv,,
"2020/03/23 04:09:50 PM UTC",,Italy,IT,,,,15,0,,,,,,,,,,,,,IT-raw-csv,,
"2020/03/23 04:10:48 PM UTC",,Italy,IT,,,,,0,,,,,,,,,,,,,IT-raw-csv,,
"2020/03/23 04:11:47 PM UTC",,Italy,IT,,,,10,0,,,,,,,,,,,,,IT-raw-csv,,
"2020/03/23 04:12:03 PM UTC",,Italy,IT,,,,60,0,,,,,,,,,,,,,IT-raw-csv,,
"2020/03/23 04:12:56 PM UTC",,Italy,IT,,,,3,0,,,,,,,,,,,,,IT-raw-csv,,
"2020/03/23 04:15:33 PM UTC",,Italy,IT,,,,10,0,,,,,,,,,,,,,IT-raw-csv,,
"2020/03/23 04:15:53 PM UTC",,Italy,IT,,,,20,3,,,,,,,,,,,,,IT-raw-csv,,
"2020/03/23 04:18:27 PM UTC",,Italy,IT,,,,,0,,,,,,,,,,,,,IT-raw-csv,,
"2020/03/23 04:18:29 PM UTC",,Italy,IT,,,,2,0,,,,,,,,,,,,,IT-raw-csv,,
"2020/03/23 04:18:39 PM UTC",,Italy,IT,,,,,,,,,,,,,,,,,,IT-raw-csv,,
"2020/03/23 04:20:36 PM UTC",,Italy,IT,,,,,0,,,,,,,,,,,,,IT-raw-csv,,
"2020/03/23 04:21:20 PM UTC",,Italy,IT,,,,25,0,,,,,,,,,,,,,IT-raw-csv,,
"2020/03/23 04:22:21 PM UTC",,Italy,IT,,,,,0,,,,,,,,,,,,,IT-raw-csv,,
"2020/03/23 04:24:16 PM UTC",,Italy,IT,,,,10,0,,,,,,,,,,,,,IT-raw-csv,,
"2020/03/23 04:25:23 PM UTC",,Italy,IT,,,,10,2,,,,,,,,,,,,,IT-raw-csv,,
"2020/03/23 04:25:54 PM UTC",,Italy,IT,,,,,0,,,,,,,,,,,,,IT-raw-csv,,
"2020/03/23 04:27:47 PM UTC",,Italy,IT,,,,,0,,,,,,,,,,,,,IT-raw-csv,,
"2020/03/23 04:29:50 PM UTC",,Italy,IT,,,,,0,,,,,,,,,,,,,IT-raw-csv,,
"2020/03/23 04:30:34 PM UTC",,Italy,IT,,,,,0,,,,,,,,,,,,,IT-raw-csv,,
"2020/03/23 04:31:34 PM UTC",,Italy,IT,,,,,1,,,,,,,,,,,,,IT-raw-csv,,
"2020/03/23 04:33:39 PM UTC",,Italy,IT,,,,15,0,,,,,,,,,,,,,IT-raw-csv,,
"2020/03/23 04:36:05 PM UTC",,Italy,IT,,,,3,0,,,,,,,,,,,,,IT-raw-csv,,
"2020/03/23 04:38:48 PM UTC",,Italy,IT,,,,50,0,,,,,,,,,,,,,IT-raw-csv,,
"2020/03/23 04:42:56 PM UTC",,Italy,IT,,,,10,0,,,,,,,,,,,,,IT-raw-csv,,
"2020/03/23 04:43:24 PM UTC",,Italy,IT,,,,25,0,,,,,,,,,,,,,IT-raw-csv,,
"2020/03/23 04:45:17 PM UTC",,Italy,IT,,,,25,2,,,,,,,,,,,,,IT-raw-csv,,
"2020/03/23 04:46:28 PM UTC",,Italy,IT,,,,6,0,,,,,,,,,,,,,IT-raw-csv,,
"2020/03/23 04:48:36 PM UTC",,Italy,IT,,,,10,0,,,,,,,,,,,,,IT-raw-csv,,
"2020/03/23 04:50:08 PM UTC",,Italy,IT,,,,50,0,,,,,,,,,,,,,IT-raw-csv,,
"2020/03/23 04:50:58 PM UTC",,Italy,IT,,,,4,0,,,,,,,,,,,,,IT-raw-csv,,
"2020/03/23 04:55:55 PM UTC",,Italy,IT,,,,15,0,,,,,,,,,,,,,IT-raw-csv,,
"2020/03/23 04:56:30 PM UTC",,Italy,IT,,,,,0,,,,,,,,,,,,,IT-raw-csv,,
"2020/03/23 05:02:49 PM UTC",,Italy,IT,,,,10,0,,,,,,,,,,,,,IT-raw-csv,,
"2020/03/23 05:03:41 PM UTC",,Italy,IT,,,,4,0,,,,,,,,,,,,,IT-raw-csv,,
"2020/03/23 05:06:32 PM UTC",,Italy,IT,,,,2,0,,,,,,,,,,,,,IT-raw-csv,,
"2020/03/23 05:06:39 PM UTC",,Italy,IT,,,,15,0,,,,,,,,,,,,,IT-raw-csv,,
"2020/03/23 05:07:57 PM UTC",,Italy,IT,,,,20,0,,,,,,,,,,,,,IT-raw-csv,,
"2020/03/23 05:11:18 PM UTC",,Italy,IT,,,,40,0,,,,,,,,,,,,,IT-raw-csv,,
"2020/03/23 05:15:12 PM UTC",,Italy,IT,,,,7,0,,,,,,,,,,,,,IT-raw-csv,,
"2020/03/23 05:15:59 PM UTC",,Italy,IT,,,,,1,,,,,,,,,,,,,IT-raw-csv,,
"2020/03/23 05:17:58 PM UTC",,Italy,IT,,,,20,0,,,,,,,,,,,,,IT-raw-csv,,
"2020/03/23 05:20:33 PM UTC",,Italy,IT,,,,3,0,,,,,,,,,,,,,IT-raw-csv,,
"2020/03/23 05:21:07 PM UTC",,Italy,IT,,,,10,0,,,,,,,,,,,,,IT-raw-csv,,
"2020/03/23 05:22:41 PM UTC",,Italy,IT,,,,30,2,,,,,,,,,,,,,IT-raw-csv,,
"2020/03/23 05:24:11 PM UTC",,Italy,IT,,,,,0,,,,,,,,,,,,,IT-raw-csv,,
"2020/03/23 05:24:27 PM UTC",,Italy,IT,,,,10,2,,,,,,,,,,,,,IT-raw-csv,,
"2020/03/23 05:29:11 PM UTC",,Italy,IT,,,,4,0,,,,,,,,,,,,,IT-raw-csv,,
"2020/03/23 05:31:13 PM UTC",,Italy,IT,,,,10,0,,,,,,,,,,,,,IT-raw-csv,,
"2020/03/23 05:35:47 PM UTC",,Italy,IT,,,,30,0,,,,,,,,,,,,,IT-raw-csv,,
"2020/03/23 05:38:27 PM UTC",,Italy,IT,,,,30,0,,,,,,,,,,,,,IT-raw-csv,,
"2020/03/23 05:41:17 PM UTC",,Italy,IT,,,,40,0,,,,,,,,,,,,,IT-raw-csv,,
"2020/03/23 05:43:08 PM UTC",,Italy,IT,,,,20,0,,,,,,,,,,,,,IT-raw-csv,,
"2020/03/23 05:50:07 PM UTC",,Italy,IT,,,,20,0,,,,,,,,,,,,,IT-raw-csv,,
"2020/03/23 05:50:21 PM UTC",,Italy,IT,,,,,12,,,,,,,,,,,,,IT-raw-csv,,
"2020/03/23 05:54:27 PM UTC",,Italy,IT,,,,20,6,,,,,,,,,,,,,IT-raw-csv,,
"2020/03/23 05:56:38 PM UTC",,Italy,IT,,,,10,0,,,,,,,,,,,,,IT-raw-csv,,
"2020/03/23 06:01:33 PM UTC",,Italy,IT,,,,50,0,,,,,,,,,,,,,IT-raw-csv,,
"2020/03/23 06:01:39 PM UTC",,Italy,IT,,,,68,0,,,,,,,,,,,,,IT-raw-csv,,
"2020/03/23 06:03:38 PM UTC",,Italy,IT,,,,15,0,,,,,,,,,,,,,IT-raw-csv,,
"2020/03/23 06:16:39 PM UTC",,Italy,IT,,,,100,0,,,,,,,,,,,,,IT-raw-csv,,
"2020/03/23 06:17:28 PM UTC",,Italy,IT,,,,60,1,,,,,,,,,,,,,IT-raw-csv,,
"2020/03/23 06:22:11 PM UTC",,Italy,IT,,,,,0,,,,,,,,,,,,,IT-raw-csv,,
"2020/03/23 06:29:32 PM UTC",,Italy,IT,,,,20,0,,,,,,,,,,,,,IT-raw-csv,,
"2020/03/23 06:32:01 PM UTC",,Italy,IT,,,,30,1,,,,,,,,,,,,,IT-raw-csv,,
"2020/03/23 06:32:35 PM UTC",,Italy,IT,,,,3,0,,,,,,,,,,,,,IT-raw-csv,,
"2020/03/23 06:34:19 PM UTC",,Italy,IT,,,,20,0,,,,,,,,,,,,,IT-raw-csv,,
"2020/03/23 06:34:20 PM UTC",,Italy,IT,,,,4,0,,,,,,,,,,,,,IT-raw-csv,,
"2020/03/23 06:38:23 PM UTC",,Italy,IT,,,,,0,,,,,,,,,,,,,IT-raw-csv,,
"2020/03/23 06:44:27 PM UTC",,Italy,IT,,,,20,0,,,,,,,,,,,,,IT-raw-csv,,
"2020/03/23 06:45:50 PM UTC",,Italy,IT,,,,40,3,,,,,,,,,,,,,IT-raw-csv,,
"2020/03/23 06:49:32 PM UTC",,Italy,IT,,,,100,0,,,,,,,,,,,,,IT-raw-csv,,
"2020/03/23 06:51:12 PM UTC",,Italy,IT,,,,20,0,,,,,,,,,,,,,IT-raw-csv,,
"2020/03/23 06:52:05 PM UTC",,Italy,IT,,,,30,0,,,,,,,,,,,,,IT-raw-csv,,
"2020/03/23 06:58:54 PM UTC",,Italy,IT,,,,150,0,,,,,,,,,,,,,IT-raw-csv,,
"2020/03/23 07:00:11 PM UTC",,Italy,IT,,,,25,0,,,,,,,,,,,,,IT-raw-csv,,
"2020/03/23 07:02:34 PM UTC",,Italy,IT,,,,100,0,,,,,,,,,,,,,IT-raw-csv,,
"2020/03/23 07:09:37 PM UTC",,Italy,IT,,,,100,0,,,,,,,,,,,,,IT-raw-csv,,
"2020/03/23 07:12:05 PM UTC",,Italy,IT,,,,5,0,,,,,,,,,,,,,IT-raw-csv,,
"2020/03/23 07:13:38 PM UTC",,Italy,IT,,,,10,0,,,,,,,,,,,,,IT-raw-csv,,
"2020/03/23 07:15:57 PM UTC",,Italy,IT,,,,100,2,,,,,,,,,,,,,IT-raw-csv,,
"2020/03/23 07:16:11 PM UTC",,Italy,IT,,,,20,0,,,,,,,,,,,,,IT-raw-csv,,
"2020/03/23 07:21:35 PM UTC",,Italy,IT,,,,120,0,,,,,,,,,,,,,IT-raw-csv,,
"2020/03/23 07:22:42 PM UTC",,Italy,IT,,,,100,0,,,,,,,,,,,,,IT-raw-csv,,
"2020/03/23 07:24:24 PM UTC",,Italy,IT,,,,250,1,,,,,,,,,,,,,IT-raw-csv,,
"2020/03/23 07:28:22 PM UTC",,Italy,IT,,,,20,0,,,,,,,,,,,,,IT-raw-csv,,
"2020/03/23 07:29:54 PM UTC",,Italy,IT,,,,4,0,,,,,,,,,,,,,IT-raw-csv,,
"2020/03/23 07:39:49 PM UTC",,Italy,IT,,,,40,0,,,,,,,,,,,,,IT-raw-csv,,
"2020/03/23 07:41:49 PM UTC",,Italy,IT,,,,,2,,,,,,,,,,,,,IT-raw-csv,,
"2020/03/23 07:48:00 PM UTC",,Italy,IT,,,,10,1,,,,,,,,,,,,,IT-raw-csv,,
"2020/03/23 07:49:51 PM UTC",,Italy,IT,,,,50,2,,,,,,,,,,,,,IT-raw-csv,,
"2020/03/23 07:52:06 PM UTC",,Italy,IT,,,,10,2,,,,,,,,,,,,,IT-raw-csv,,
"2020/03/23 07:52:22 PM UTC",,Italy,IT,,,,7,0,,,,,,,,,,,,,IT-raw-csv,,
"2020/03/23 07:56:07 PM UTC",,Italy,IT,,,,100,0,,,,,,,,,,,,,IT-raw-csv,,
"2020/03/23 07:57:01 PM UTC",,Italy,IT,,,,10,0,,,,,,,,,,,,,IT-raw-csv,,
"2020/03/23 07:58:57 PM UTC",,Italy,IT,,,,8,1,,,,,,,,,,,,,IT-raw-csv,,
"2020/03/23 07:59:07 PM UTC",,Italy,IT,,,,,0,,,,,,,,,,,,,IT-raw-csv,,
"2020/03/23 08:00:23 PM UTC",,Italy,IT,,,,40,1,,,,,,,,,,,,,IT-raw-csv,,
"2020/03/23 08:01:42 PM UTC",,Italy,IT,,,,,0,,,,,,,,,,,,,IT-raw-csv,,
"2020/03/23 08:01:49 PM UTC",,Italy,IT,,,,30,0,,,,,,,,,,,,,IT-raw-csv,,
"2020/03/23 08:03:28 PM UTC",,Italy,IT,,,,,0,,,,,,,,,,,,,IT-raw-csv,,
"2020/03/23 08:04:09 PM UTC",,Italy,IT,,,,7,0,,,,,,,,,,,,,IT-raw-csv,,
"2020/03/23 08:08:36 PM UTC",,Italy,IT,,,,10,0,,,,,,,,,,,,,IT-raw-csv,,
"2020/03/23 08:11:19 PM UTC",,Italy,IT,,,,6,6,,,,,,,,,,,,,IT-raw-csv,,
"2020/03/23 08:11:21 PM UTC",,Italy,IT,,,,500,0,,,,,,,,,,,,,IT-raw-csv,,
"2020/03/23 08:14:02 PM UTC",,Italy,IT,,,,,1234020174810,,,,,,,,,,,,,IT-raw-csv,,
"2020/03/23 08:14:19 PM UTC",,Italy,IT,,,,,0,,,,,,,,,,,,,IT-raw-csv,,
"2020/03/23 08:16:21 PM UTC",,Italy,IT,,,,100,0,,,,,,,,,,,,,IT-raw-csv,,
"2020/03/23 08:17:15 PM UTC",,Italy,IT,,,,50,0,,,,,,,,,,,,,IT-raw-csv,,
"2020/03/23 08:18:41 PM UTC",,Italy,IT,,,,10,0,,,,,,,,,,,,,IT-raw-csv,,
"2020/03/23 08:22:13 PM UTC",,Italy,IT,,,,20,0,,,,,,,,,,,,,IT-raw-csv,,
"2020/03/23 08:25:50 PM UTC",,Italy,IT,,,,15,0,,,,,,,,,,,,,IT-raw-csv,,
"2020/03/23 08:29:54 PM UTC",,Italy,IT,,,,10,0,,,,,,,,,,,,,IT-raw-csv,,
"2020/03/23 08:30:28 PM UTC",,Italy,IT,,,,15,0,,,,,,,,,,,,,IT-raw-csv,,
"2020/03/23 08:31:18 PM UTC",,Italy,IT,,,,50,0,,,,,,,,,,,,,IT-raw-csv,,
"2020/03/23 08:34:37 PM UTC",,Italy,IT,,,,20,0,,,,,,,,,,,,,IT-raw-csv,,
"2020/03/23 08:37:24 PM UTC",,Italy,IT,,,,30,0,,,,,,,,,,,,,IT-raw-csv,,
"2020/03/23 08:42:13 PM UTC",,Italy,IT,,,,,0,,,,,,,,,,,,,IT-raw-csv,,
"2020/03/23 08:46:49 PM UTC",,Italy,IT,,,,10,0,,,,,,,,,,,,,IT-raw-csv,,
"2020/03/23 08:49:38 PM UTC",,Italy,IT,,,,50,0,,,,,,,,,,,,,IT-raw-csv,,
"2020/03/23 08:53:30 PM UTC",,Italy,IT,,,,70,4,,,,,,,,,,,,,IT-raw-csv,,
"2020/03/23 08:54:39 PM UTC",,Italy,IT,,,,,0,,,,,,,,,,,,,IT-raw-csv,,
"2020/03/23 08:55:23 PM UTC",,Italy,IT,,,,80,0,,,,,,,,,,,,,IT-raw-csv,,
"2020/03/23 09:09:02 PM UTC",,Italy,IT,,,,,0,,,,,,,,,,,,,IT-raw-csv,,
"2020/03/23 09:12:49 PM UTC",,Italy,IT,,,,10,0,,,,,,,,,,,,,IT-raw-csv,,
"2020/03/23 09:14:43 PM UTC",,Italy,IT,,,,10,0,,,,,,,,,,,,,IT-raw-csv,,
"2020/03/23 09:19:13 PM UTC",,Italy,IT,,,,20,0,,,,,,,,,,,,,IT-raw-csv,,
"2020/03/23 09:20:42 PM UTC",,Italy,IT,,,,20,1,,,,,,,,,,,,,IT-raw-csv,,
"2020/03/23 09:21:52 PM UTC",,Italy,IT,,,,12,0,,,,,,,,,,,,,IT-raw-csv,,
"2020/03/23 09:24:00 PM UTC",,Italy,IT,,,,4,0,,,,,,,,,,,,,IT-raw-csv,,
"2020/03/23 09:26:53 PM UTC",,Italy,IT,,,,15,0,,,,,,,,,,,,,IT-raw-csv,,
"2020/03/23 09:27:34 PM UTC",,Italy,IT,,,,,0,,,,,,,,,,,,,IT-raw-csv,,
"2020/03/23 09:35:34 PM UTC",,Italy,IT,,,,90,0,,,,,,,,,,,,,IT-raw-csv,,
"2020/03/23 09:40:18 PM UTC",,Italy,IT,,,,15,0,,,,,,,,,,,,,IT-raw-csv,,
"2020/03/23 09:40:22 PM UTC",,Italy,IT,,,,15,0,,,,,,,,,,,,,IT-raw-csv,,
"2020/03/23 09:43:49 PM UTC",,Italy,IT,,,,20,0,,,,,,,,,,,,,IT-raw-csv,,
"2020/03/23 09:44:45 PM UTC",,Italy,IT,,,,,0,,,,,,,,,,,,,IT-raw-csv,,
"2020/03/23 09:59:49 PM UTC",,Italy,IT,,,,15,0,,,,,,,,,,,,,IT-raw-csv,,
"2020/03/23 10:07:04 PM UTC",,Italy,IT,,,,100,0,,,,,,,,,,,,,IT-raw-csv,,
"2020/03/23 10:10:04 PM UTC",,Italy,IT,,,,,0,,,,,,,,,,,,,IT-raw-csv,,
"2020/03/23 10:10:35 PM UTC",,Italy,IT,,,,60,6,,,,,,,,,,,,,IT-raw-csv,,
"2020/03/23 10:11:34 PM UTC",,Italy,IT,,,,4,0,,,,,,,,,,,,,IT-raw-csv,,
"2020/03/23 10:17:58 PM UTC",,Italy,IT,,,,50,0,,,,,,,,,,,,,IT-raw-csv,,
"2020/03/23 10:21:29 PM UTC",,Italy,IT,,,,6,0,,,,,,,,,,,,,IT-raw-csv,,
"2020/03/23 10:24:50 PM UTC",,Italy,IT,,,,50,0,,,,,,,,,,,,,IT-raw-csv,,
"2020/03/23 10:26:13 PM UTC",,Italy,IT,,,,,0,,,,,,,,,,,,,IT-raw-csv,,
"2020/03/23 10:28:12 PM UTC",,Italy,IT,,,,50,0,,,,,,,,,,,,,IT-raw-csv,,
"2020/03/23 10:29:11 PM UTC",,Italy,IT,,,,5,0,,,,,,,,,,,,,IT-raw-csv,,
"2020/03/23 11:02:34 PM UTC",,Italy,IT,,,,8,0,,,,,,,,,,,,,IT-raw-csv,,
"2020/03/23 11:06:27 PM UTC",,Italy,IT,,,,,0,,,,,,,,,,,,,IT-raw-csv,,
"2020/03/23 11:18:42 PM UTC",,Italy,IT,,,,10,0,,,,,,,,,,,,,IT-raw-csv,,
"2020/03/23 11:21:30 AM UTC",,Italy,IT,,,,,12,,,,,,,,,,,,,IT-raw-csv,,
"2020/03/23 11:24:29 AM UTC",,Italy,IT,,,,20,1,,,,,,,,,,,,,IT-raw-csv,,
"2020/03/23 11:27:41 AM UTC",,Italy,IT,,,,50,0,,,,,,,,,,,,,IT-raw-csv,,
"2020/03/23 11:28:48 PM UTC",,Italy,IT,,,,10,0,,,,,,,,,,,,,IT-raw-csv,,
"2020/03/23 11:29:28 AM UTC",,Italy,IT,,,,30,0,,,,,,,,,,,,,IT-raw-csv,,
"2020/03/23 11:31:01 AM UTC",,Italy,IT,,,,40,0,,,,,,,,,,,,,IT-raw-csv,,
"2020/03/23 11:31:15 PM UTC",,Italy,IT,,,,100,0,,,,,,,,,,,,,IT-raw-csv,,
"2020/03/23 11:31:27 AM UTC",,Italy,IT,,,,30,0,,,,,,,,,,,,,IT-raw-csv,,
"2020/03/23 11:33:21 AM UTC",,Italy,IT,,,,10,0,,,,,,,,,,,,,IT-raw-csv,,
"2020/03/23 11:33:28 AM UTC",,Italy,IT,,,,50,1,,,,,,,,,,,,,IT-raw-csv,,
"2020/03/23 11:34:16 AM UTC",,Italy,IT,,,,2,0,,,,,,,,,,,,,IT-raw-csv,,
"2020/03/23 11:34:50 AM UTC",,Italy,IT,,,,30,0,,,,,,,,,,,,,IT-raw-csv,,
"2020/03/23 11:35:49 AM UTC",,Italy,IT,,,,,0,,,,,,,,,,,,,IT-raw-csv,,
"2020/03/23 11:36:16 AM UTC",,Italy,IT,,,,15,4,,,,,,,,,,,,,IT-raw-csv,,
"2020/03/23 11:39:40 AM UTC",,Italy,IT,,,,3,0,,,,,,,,,,,,,IT-raw-csv,,
"2020/03/23 11:40:02 AM UTC",,Italy,IT,,,,,0,,,,,,,,,,,,,IT-raw-csv,,
"2020/03/23 11:41:13 AM UTC",,Italy,IT,,,,10,0,,,,,,,,,,,,,IT-raw-csv,,
"2020/03/23 11:42:04 AM UTC",,Italy,IT,,,,,2,,,,,,,,,,,,,IT-raw-csv,,
"2020/03/23 11:45:16 AM UTC",,Italy,IT,,,,60,2,,,,,,,,,,,,,IT-raw-csv,,
"2020/03/23 11:47:09 AM UTC",,Italy,IT,,,,40,0,,,,,,,,,,,,,IT-raw-csv,,
"2020/03/23 11:47:22 PM UTC",,Italy,IT,,,,15,0,,,,,,,,,,,,,IT-raw-csv,,
"2020/03/23 11:48:30 PM UTC",,Italy,IT,,,,12,1,,,,,,,,,,,,,IT-raw-csv,,
"2020/03/23 11:49:57 AM UTC",,Italy,IT,,,,20,0,,,,,,,,,,,,,IT-raw-csv,,
"2020/03/23 11:50:06 AM UTC",,Italy,IT,,,,5,0,,,,,,,,,,,,,IT-raw-csv,,
"2020/03/23 11:50:38 AM UTC",,Italy,IT,,,,20,0,,,,,,,,,,,,,IT-raw-csv,,
"2020/03/23 11:50:48 AM UTC",,Italy,IT,,,,80,6,,,,,,,,,,,,,IT-raw-csv,,
"2020/03/23 11:53:33 AM UTC",,Italy,IT,,,,10,0,,,,,,,,,,,,,IT-raw-csv,,
"2020/03/23 11:54:22 AM UTC",,Italy,IT,,,,5,0,,,,,,,,,,,,,IT-raw-csv,,
"2020/03/23 11:54:59 AM UTC",,Italy,IT,,,,80,0,,,,,,,,,,,,,IT-raw-csv,,
"2020/03/23 11:56:53 AM UTC",,Italy,IT,,,,150,1,,,,,,,,,,,,,IT-raw-csv,,
"2020/03/23 11:56:57 PM UTC",,Italy,IT,,,,50,0,,,,,,,,,,,,,IT-raw-csv,,
"2020/03/23 11:58:47 AM UTC",,Italy,IT,,,,50,0,,,,,,,,,,,,,IT-raw-csv,,
"2020/03/23 11:59:00 AM UTC",,Italy,IT,,,,100,3,,,,,,,,,,,,,IT-raw-csv,,
"2020/03/23 12:00:50 PM UTC",,Italy,IT,,,,100,0,,,,,,,,,,,,,IT-raw-csv,,
"2020/03/23 12:03:21 PM UTC",,Italy,IT,,,,30,0,,,,,,,,,,,,,IT-raw-csv,,
"2020/03/23 12:04:03 PM UTC",,Italy,IT,,,,7,0,,,,,,,,,,,,,IT-raw-csv,,
"2020/03/23 12:14:50 PM UTC",,Italy,IT,,,,30,3,,,,,,,,,,,,,IT-raw-csv,,
"2020/03/23 12:16:25 PM UTC",,Italy,IT,,,,50,0,,,,,,,,,,,,,IT-raw-csv,,
"2020/03/23 12:16:52 PM UTC",,Italy,IT,,,,,0,,,,,,,,,,,,,IT-raw-csv,,
"2020/03/23 12:17:12 PM UTC",,Italy,IT,,,,,0,,,,,,,,,,,,,IT-raw-csv,,
"2020/03/23 12:17:21 PM UTC",,Italy,IT,,,,35,0,,,,,,,,,,,,,IT-raw-csv,,
"2020/03/23 12:17:38 PM UTC",,Italy,IT,,,,100,2,,,,,,,,,,,,,IT-raw-csv,,
"2020/03/23 12:18:09 PM UTC",,Italy,IT,,,,50,0,,,,,,,,,,,,,IT-raw-csv,,
"2020/03/23 12:18:11 PM UTC",,Italy,IT,,,,20,0,,,,,,,,,,,,,IT-raw-csv,,
"2020/03/23 12:18:20 PM UTC",,Italy,IT,,,,9,0,,,,,,,,,,,,,IT-raw-csv,,
"2020/03/23 12:18:42 PM UTC",,Italy,IT,,,,,0,,,,,,,,,,,,,IT-raw-csv,,
"2020/03/23 12:20:05 PM UTC",,Italy,IT,,,,13,0,,,,,,,,,,,,,IT-raw-csv,,
"2020/03/23 12:20:12 PM UTC",,Italy,IT,,,,50,0,,,,,,,,,,,,,IT-raw-csv,,
"2020/03/23 12:21:17 PM UTC",,Italy,IT,,,,50,0,,,,,,,,,,,,,IT-raw-csv,,
"2020/03/23 12:21:27 PM UTC",,Italy,IT,,,,20,0,,,,,,,,,,,,,IT-raw-csv,,
"2020/03/23 12:24:33 PM UTC",,Italy,IT,,,,20,0,,,,,,,,,,,,,IT-raw-csv,,
"2020/03/23 12:25:11 PM UTC",,Italy,IT,,,,150,0,,,,,,,,,,,,,IT-raw-csv,,
"2020/03/23 12:25:23 PM UTC",,Italy,IT,,,,50,19,,,,,,,,,,,,,IT-raw-csv,,
"2020/03/23 12:26:58 PM UTC",,Italy,IT,,,,15,0,,,,,,,,,,,,,IT-raw-csv,,
"2020/03/23 12:30:51 PM UTC",,Italy,IT,,,,50,0,,,,,,,,,,,,,IT-raw-csv,,
"2020/03/23 12:31:07 PM UTC",,Italy,IT,,,,40,0,,,,,,,,,,,,,IT-raw-csv,,
"2020/03/23 12:35:07 PM UTC",,Italy,IT,,,,20,0,,,,,,,,,,,,,IT-raw-csv,,
"2020/03/23 12:35:09 PM UTC",,Italy,IT,,,,20,0,,,,,,,,,,,,,IT-raw-csv,,
"2020/03/23 12:35:59 PM UTC",,Italy,IT,,,,40,0,,,,,,,,,,,,,IT-raw-csv,,
"2020/03/23 12:36:43 PM UTC",,Italy,IT,,,,15,2,,,,,,,,,,,,,IT-raw-csv,,
"2020/03/23 12:41:17 PM UTC",,Italy,IT,,,,15,1,,,,,,,,,,,,,IT-raw-csv,,
"2020/03/23 12:42:01 PM UTC",,Italy,IT,,,,,0,,,,,,,,,,,,,IT-raw-csv,,
"2020/03/23 12:43:41 PM UTC",,Italy,IT,,,,20,0,,,,,,,,,,,,,IT-raw-csv,,
"2020/03/23 12:43:44 PM UTC",,Italy,IT,,,,50,0,,,,,,,,,,,,,IT-raw-csv,,
"2020/03/23 12:44:30 PM UTC",,Italy,IT,,,,20,0,,,,,,,,,,,,,IT-raw-csv,,
"2020/03/23 12:47:57 PM UTC",,Italy,IT,,,,50,0,,,,,,,,,,,,,IT-raw-csv,,
"2020/03/23 12:50:50 PM UTC",,Italy,IT,,,,,0,,,,,,,,,,,,,IT-raw-csv,,
"2020/03/23 12:51:31 PM UTC",,Italy,IT,,,,500,3,,,,,,,,,,,,,IT-raw-csv,,
"2020/03/23 12:53:23 PM UTC",,Italy,IT,,,,100,0,,,,,,,,,,,,,IT-raw-csv,,
"2020/03/23 12:58:00 PM UTC",,Italy,IT,,,,,2,,,,,,,,,,,,,IT-raw-csv,,
"2020/03/23 12:59:26 PM UTC",,Italy,IT,,,,,0,,,,,,,,,,,,,IT-raw-csv,,
"2020/03/24 01:02:16 PM UTC",,Italy,IT,,,,,0,,,,,,,,,,,,,IT-raw-csv,,
"2020/03/24 02:43:12 AM UTC",,Italy,IT,,,,60,0,,,,,,,,,,,,,IT-raw-csv,,
"2020/03/24 03:47:20 AM UTC",,Italy,IT,,,,10,1,,,,,,,,,,,,,IT-raw-csv,,
"2020/03/24 04:56:09 AM UTC",,Italy,IT,,,,5,0,,,,,,,,,,,,,IT-raw-csv,,
"2020/03/24 06:27:08 AM UTC",,Italy,IT,,,,20,0,,,,,,,,,,,,,IT-raw-csv,,
"2020/03/24 06:30:52 AM UTC",,Italy,IT,,,,300,4,,,,,,,,,,,,,IT-raw-csv,,
"2020/03/24 06:59:47 AM UTC",,Italy,IT,,,,35,0,,,,,,,,,,,,,IT-raw-csv,,
"2020/03/24 07:21:01 AM UTC",,Italy,IT,,,,50,0,,,,,,,,,,,,,IT-raw-csv,,
"2020/03/24 07:48:16 AM UTC",,Italy,IT,,,,10,0,,,,,,,,,,,,,IT-raw-csv,,
"2020/03/24 07:50:46 AM UTC",,Italy,IT,,,,50,0,,,,,,,,,,,,,IT-raw-csv,,
"2020/03/24 07:53:44 AM UTC",,Italy,IT,,,,15,0,,,,,,,,,,,,,IT-raw-csv,,
"2020/03/24 08:01:27 AM UTC",,Italy,IT,,,,,0,,,,,,,,,,,,,IT-raw-csv,,
"2020/03/24 08:35:01 AM UTC",,Italy,IT,,,,200,1,,,,,,,,,,,,,IT-raw-csv,,
"2020/03/24 08:38:00 AM UTC",,Italy,IT,,,,100,10,,,,,,,,,,,,,IT-raw-csv,,
"2020/03/24 08:47:09 AM UTC",,Italy,IT,,,,10,0,,,,,,,,,,,,,IT-raw-csv,,
"2020/03/24 08:57:36 AM UTC",,Italy,IT,,,,30,0,,,,,,,,,,,,,IT-raw-csv,,
"2020/03/24 09:21:39 AM UTC",,Italy,IT,,,,,0,,,,,,,,,,,,,IT-raw-csv,,
"2020/03/24 09:24:21 AM UTC",,Italy,IT,,,,6,0,,,,,,,,,,,,,IT-raw-csv,,
"2020/03/24 09:28:33 AM UTC",,Italy,IT,,,,,0,,,,,,,,,,,,,IT-raw-csv,,
"2020/03/24 09:32:11 AM UTC",,Italy,IT,,,,,0,,,,,,,,,,,,,IT-raw-csv,,
"2020/03/24 09:39:37 AM UTC",,Italy,IT,,,,15,0,,,,,,,,,,,,,IT-raw-csv,,
"2020/03/24 09:43:52 AM UTC",,Italy,IT,,,,4,0,,,,,,,,,,,,,IT-raw-csv,,
"2020/03/24 09:46:14 AM UTC",,Italy,IT,,,,30,0,,,,,,,,,,,,,IT-raw-csv,,
"2020/03/24 09:57:52 AM UTC",,Italy,IT,,,,,0,,,,,,,,,,,,,IT-raw-csv,,
"2020/03/24 09:59:29 AM UTC",,Italy,IT,,,,6,0,,,,,,,,,,,,,IT-raw-csv,,
"2020/03/24 10:01:35 AM UTC",,Italy,IT,,,,50,0,,,,,,,,,,,,,IT-raw-csv,,
"2020/03/24 10:36:54 AM UTC",,Italy,IT,,,,40,0,,,,,,,,,,,,,IT-raw-csv,,
"2020/03/24 11:13:09 AM UTC",,Italy,IT,,,,40,1,,,,,,,,,,,,,IT-raw-csv,,
"2020/03/24 11:19:58 AM UTC",,Italy,IT,,,,15,0,,,,,,,,,,,,,IT-raw-csv,,
"2020/03/24 11:37:50 AM UTC",,Italy,IT,,,,20,0,,,,,,,,,,,,,IT-raw-csv,,
"2020/03/24 12:00:17 PM UTC",,Italy,IT,,,,,0,,,,,,,,,,,,,IT-raw-csv,,
"2020/03/24 12:02:04 AM UTC",,Italy,IT,,,,20,0,,,,,,,,,,,,,IT-raw-csv,,
"2020/03/24 12:05:29 AM UTC",,Italy,IT,,,,25,4,,,,,,,,,,,,,IT-raw-csv,,
"2020/03/24 12:32:47 PM UTC",,Italy,IT,,,,30,0,,,,,,,,,,,,,IT-raw-csv,,
"2020/03/24 12:36:14 PM UTC",,Italy,IT,,,,,0,,,,,,,,,,,,,IT-raw-csv,,
"2020/03/24 12:50:53 PM UTC",,Italy,IT,,,,10,0,,,,,,,,,,,,,IT-raw-csv,,
"2020/03/24 12:58:21 AM UTC",,Italy,IT,,,,20,0,,,,,,,,,,,,,IT-raw-csv,,
"2020/03/25 01:17:43 PM UTC",,Italy,IT,Emilia-Romagna,IT45,,100,0,,,,,,,,,,,,,IT-raw-csv,,
"2020/03/25 01:18:51 PM UTC",,Italy,IT,Emilia-Romagna,IT45,,200,0,,,,,,,,,,,,,IT-raw-csv,,
"2020/03/25 01:18:52 PM UTC",,Italy,IT,Emilia-Romagna,IT45,,100,2,,,,,,,,,,,,,IT-raw-csv,,
"2020/03/25 01:19:24 PM UTC",,Italy,IT,Veneto,IT34,,200,0,,,,,,,,,,,,,IT-raw-csv,,
"2020/03/25 01:24:01 PM UTC",,Italy,IT,Emilia-Romagna,IT45,,100,1,,,,,,,,,,,,,IT-raw-csv,,
"2020/03/25 01:27:47 PM UTC",,Italy,IT,Veneto,IT34,,20,0,,,,,,,,,,,,,IT-raw-csv,,
"2020/03/25 01:31:37 PM UTC",,Italy,IT,Lombardia,IT25,,15,4,,,,,,,,,,,,,IT-raw-csv,,
"2020/03/25 01:33:49 PM UTC",,Italy,IT,Emilia-Romagna,IT45,,100,0,,,,,,,,,,,,,IT-raw-csv,,
"2020/03/25 01:37:03 PM UTC",,Italy,IT,Emilia-Romagna,IT45,,100,1,,,,,,,,,,,,,IT-raw-csv,,
"2020/03/25 01:41:36 PM UTC",,Italy,IT,Emilia-Romagna,IT45,,500,2,,,,,,,,,,,,,IT-raw-csv,,
"2020/03/25 01:48:26 PM UTC",,Italy,IT,Emilia-Romagna,IT45,,15,0,,,,,,,,,,,,,IT-raw-csv,,
"2020/03/25 01:49:24 PM UTC",,Italy,IT,Lazio,IT62,,40,1,,,,,,,,,,,,,IT-raw-csv,,
"2020/03/25 01:50:24 PM UTC",,Italy,IT,Emilia-Romagna,IT45,,20,0,,,,,,,,,,,,,IT-raw-csv,,
"2020/03/25 01:50:44 PM UTC",,Italy,IT,Emilia-Romagna,IT45,,25,0,,,,,,,,,,,,,IT-raw-csv,,
"2020/03/25 01:51:10 PM UTC",,Italy,IT,Lazio,IT62,,300,0,,,,,,,,,,,,,IT-raw-csv,,
"2020/03/25 01:51:15 PM UTC",,Italy,IT,Emilia-Romagna,IT45,,60,0,,,,,,,,,,,,,IT-raw-csv,,
"2020/03/25 01:57:09 PM UTC",,Italy,IT,Liguria,IT42,,400,1,,,,,,,,,,,,,IT-raw-csv,,
"2020/03/25 01:58:09 PM UTC",,Italy,IT,"Trentino-Alto Adige",IT32,,6,0,,,,,,,,,,,,,IT-raw-csv,,
"2020/03/25 01:59:24 PM UTC",,Italy,IT,Emilia-Romagna,IT45,,70,1,,,,,,,,,,,,,IT-raw-csv,,
"2020/03/25 02:01:17 PM UTC",,Italy,IT,Emilia-Romagna,IT45,,25,0,,,,,,,,,,,,,IT-raw-csv,,
"2020/03/25 02:03:03 PM UTC",,Italy,IT,Emilia-Romagna,IT45,,45,0,,,,,,,,,,,,,IT-raw-csv,,
"2020/03/25 02:04:44 PM UTC",,Italy,IT,Emilia-Romagna,IT45,,150,0,,,,,,,,,,,,,IT-raw-csv,,
"2020/03/25 02:06:00 PM UTC",,Italy,IT,Emilia-Romagna,IT45,,100,1,,,,,,,,,,,,,IT-raw-csv,,
"2020/03/25 02:06:40 PM UTC",,Italy,IT,Emilia-Romagna,IT45,,20,0,,,,,,,,,,,,,IT-raw-csv,,
"2020/03/25 02:09:22 PM UTC",,Italy,IT,Toscana,IT52,,40,0,,,,,,,,,,,,,IT-raw-csv,,
"2020/03/25 02:12:39 PM UTC",,Italy,IT,Veneto,IT34,,70,0,,,,,,,,,,,,,IT-raw-csv,,
"2020/03/25 02:14:56 PM UTC",,Italy,IT,Emilia-Romagna,IT45,,3000,0,,,,,,,,,,,,,IT-raw-csv,,
"2020/03/25 02:16:36 PM UTC",,Italy,IT,Veneto,IT34,,20,0,,,,,,,,,,,,,IT-raw-csv,,
"2020/03/25 02:16:59 PM UTC",,Italy,IT,Veneto,IT34,,20,0,,,,,,,,,,,,,IT-raw-csv,,
"2020/03/25 02:18:49 PM UTC",,Italy,IT,Veneto,IT34,,30,0,,,,,,,,,,,,,IT-raw-csv,,
"2020/03/25 02:20:05 PM UTC",,Italy,IT,Veneto,IT34,,10,0,,,,,,,,,,,,,IT-raw-csv,,
"2020/03/25 02:27:11 PM UTC",,Italy,IT,Veneto,IT34,,7,0,,,,,,,,,,,,,IT-raw-csv,,
"2020/03/25 02:27:31 PM UTC",,Italy,IT,"Trentino-Alto Adige",IT32,,150,3,,,,,,,,,,,,,IT-raw-csv,,
"2020/03/25 02:28:54 PM UTC",,Italy,IT,Veneto,IT34,,50,2,,,,,,,,,,,,,IT-raw-csv,,
"2020/03/25 02:29:01 PM UTC",,Italy,IT,Lombardia,IT25,,10,0,,,,,,,,,,,,,IT-raw-csv,,
"2020/03/25 02:29:52 PM UTC",,Italy,IT,Veneto,IT34,,100,0,,,,,,,,,,,,,IT-raw-csv,,
"2020/03/25 02:33:28 PM UTC",,Italy,IT,Emilia-Romagna,IT45,,50,0,,,,,,,,,,,,,IT-raw-csv,,
"2020/03/25 02:34:34 PM UTC",,Italy,IT,"Trentino-Alto Adige",IT32,,50,4,,,,,,,,,,,,,IT-raw-csv,,
"2020/03/25 02:37:16 PM UTC",,Italy,IT,"Trentino-Alto Adige",IT32,,100,1,,,,,,,,,,,,,IT-raw-csv,,
"2020/03/25 02:37:25 PM UTC",,Italy,IT,Veneto,IT34,,200,3,,,,,,,,,,,,,IT-raw-csv,,
"2020/03/25 02:37:31 PM UTC",,Italy,IT,Emilia-Romagna,IT45,,50,0,,,,,,,,,,,,,IT-raw-csv,,
"2020/03/25 02:45:04 PM UTC",,Italy,IT,Veneto,IT34,,50,0,,,,,,,,,,,,,IT-raw-csv,,
"2020/03/25 02:46:01 PM UTC",,Italy,IT,Emilia-Romagna,IT45,,60,6,,,,,,,,,,,,,IT-raw-csv,,
"2020/03/25 02:46:15 PM UTC",,Italy,IT,Veneto,IT34,,10,0,,,,,,,,,,,,,IT-raw-csv,,
"2020/03/25 02:47:42 PM UTC",,Italy,IT,Veneto,IT34,,100,0,,,,,,,,,,,,,IT-raw-csv,,
"2020/03/25 02:56:45 PM UTC",,Italy,IT,Emilia-Romagna,IT45,,600,0,,,,,,,,,,,,,IT-raw-csv,,
"2020/03/25 03:20:15 PM UTC",,Italy,IT,Emilia-Romagna,IT45,,40,0,,,,,,,,,,,,,IT-raw-csv,,
"2020/03/25 03:25:03 PM UTC",,Italy,IT,Veneto,IT34,,10,0,,,,,,,,,,,,,IT-raw-csv,,
"2020/03/25 03:28:52 PM UTC",,Italy,IT,Lombardia,IT25,,100,3,,,,,,,,,,,,,IT-raw-csv,,
"2020/03/25 03:29:07 PM UTC",,Italy,IT,Lombardia,IT25,,100,3,,,,,,,,,,,,,IT-raw-csv,,
"2020/03/25 03:42:53 PM UTC",,Italy,IT,Emilia-Romagna,IT45,,20,3,,,,,,,,,,,,,IT-raw-csv,,
"2020/03/25 03:43:10 PM UTC",,Italy,IT,Veneto,IT34,,15,5,,,,,,,,,,,,,IT-raw-csv,,
"2020/03/25 03:47:07 PM UTC",,Italy,IT,Veneto,IT34,,100,1,,,,,,,,,,,,,IT-raw-csv,,
"2020/03/25 03:50:39 PM UTC",,Italy,IT,Veneto,IT34,,25,3,,,,,,,,,,,,,IT-raw-csv,,
"2020/03/25 03:52:20 PM UTC",,Italy,IT,Emilia-Romagna,IT45,,400,0,,,,,,,,,,,,,IT-raw-csv,,
"2020/03/25 03:57:03 PM UTC",,Italy,IT,Veneto,IT34,,10,0,,,,,,,,,,,,,IT-raw-csv,,
"2020/03/25 03:58:16 PM UTC",,Italy,IT,Veneto,IT34,,18,5,,,,,,,,,,,,,IT-raw-csv,,
"2020/03/25 04:12:31 PM UTC",,Italy,IT,Emilia-Romagna,IT45,,50,3,,,,,,,,,,,,,IT-raw-csv,,
"2020/03/25 04:14:38 PM UTC",,Italy,IT,Emilia-Romagna,IT45,,100,0,,,,,,,,,,,,,IT-raw-csv,,
"2020/03/25 04:16:40 PM UTC",,Italy,IT,,,,100,0,,,,,,,,,,,,,IT-raw-csv,,
"2020/03/25 04:27:15 PM UTC",,Italy,IT,Emilia-Romagna,IT45,,10,1,,,,,,,,,,,,,IT-raw-csv,,
"2020/03/25 04:31:18 PM UTC",,Italy,IT,Emilia-Romagna,IT45,,60,0,,,,,,,,,,,,,IT-raw-csv,,
"2020/03/25 04:32:05 PM UTC",,Italy,IT,Emilia-Romagna,IT45,,60,0,,,,,,,,,,,,,IT-raw-csv,,
"2020/03/25 05:02:03 PM UTC",,Italy,IT,"Friuli-Venezia Giulia",IT36,,40,0,,,,,,,,,,,,,IT-raw-csv,,
"2020/03/25 05:09:17 PM UTC",,Italy,IT,Emilia-Romagna,IT45,,50,0,,,,,,,,,,,,,IT-raw-csv,,
"2020/03/25 05:17:32 PM UTC",,Italy,IT,Veneto,IT34,,100,0,,,,,,,,,,,,,IT-raw-csv,,
"2020/03/25 05:21:30 PM UTC",,Italy,IT,"Trentino-Alto Adige",IT32,,30,3,,,,,,,,,,,,,IT-raw-csv,,
"2020/03/25 05:47:38 PM UTC",,Italy,IT,Emilia-Romagna,IT45,,50,0,,,,,,,,,,,,,IT-raw-csv,,
"2020/03/25 05:52:39 PM UTC",,Italy,IT,Emilia-Romagna,IT45,,400,0,,,,,,,,,,,,,IT-raw-csv,,
"2020/03/25 06:08:59 PM UTC",,Italy,IT,Lombardia,IT25,,20,2,,,,,,,,,,,,,IT-raw-csv,,
"2020/03/25 06:36:16 PM UTC",,Italy,IT,Emilia-Romagna,IT45,,40,2,,,,,,,,,,,,,IT-raw-csv,,
"2020/03/25 07:01:23 PM UTC",,Italy,IT,Veneto,IT34,,50,2,,,,,,,,,,,,,IT-raw-csv,,
"2020/03/25 08:02:21 PM UTC",,Italy,IT,Veneto,IT34,,5,0,,,,,,,,,,,,,IT-raw-csv,,
"2020/03/25 08:25:14 PM UTC",,Italy,IT,Emilia-Romagna,IT45,,100,0,,,,,,,,,,,,,IT-raw-csv,,
"2020/03/25 09:30:17 PM UTC",,Italy,IT,Emilia-Romagna,IT45,,100,0,,,,,,,,,,,,,IT-raw-csv,,
"2020/03/25 09:48:31 PM UTC",,Italy,IT,Emilia-Romagna,IT45,,200,0,,,,,,,,,,,,,IT-raw-csv,,
"2020/03/25 09:56:39 PM UTC",,Italy,IT,Veneto,IT34,,50,2,,,,,,,,,,,,,IT-raw-csv,,
"2020/03/25 10:21:35 PM UTC",,Italy,IT,,,,20,0,,,,,,,,,,,,,IT-raw-csv,,
"2020/03/25 10:40:01 PM UTC",,Italy,IT,Veneto,IT34,,100,0,,,,,,,,,,,,,IT-raw-csv,,
"2020/03/26 06:02:44 AM UTC",,Italy,IT,Emilia-Romagna,IT45,,30,0,,,,,,,,,,,,,IT-raw-csv,,
"2020/03/27 03:20:44 PM UTC",,Italy,IT,Emilia-Romagna,IT45,,250,0,,,,,,,,,,,,,IT-raw-csv,,
"2020/03/27 03:20:50 PM UTC",,Italy,IT,Emilia-Romagna,IT45,,50,1,,,,,,,,,,,,,IT-raw-csv,,
"2020/03/27 03:21:11 PM UTC",,Italy,IT,Emilia-Romagna,IT45,,50,0,,,,,,,,,,,,,IT-raw-csv,,
"2020/03/27 03:21:31 PM UTC",,Italy,IT,Emilia-Romagna,IT45,,50,0,,,,,,,,,,,,,IT-raw-csv,,
"2020/03/27 03:24:50 PM UTC",,Italy,IT,,,,20,0,,,,,,,,,,,,,IT-raw-csv,,
"2020/03/27 03:25:24 PM UTC",,Italy,IT,Veneto,IT34,,10,0,,,,,,,,,,,,,IT-raw-csv,,
"2020/03/27 03:30:51 PM UTC",,Italy,IT,Veneto,IT34,,"100 ",1,,,,,,,,,,,,,IT-raw-csv,,
"2020/03/27 03:31:09 PM UTC",,Italy,IT,Emilia-Romagna,IT45,,50,6,,,,,,,,,,,,,IT-raw-csv,,
"2020/03/27 03:34:43 PM UTC",,Italy,IT,"Trentino-Alto Adige",IT32,,5,0,,,,,,,,,,,,,IT-raw-csv,,
"2020/03/27 03:42:17 PM UTC",,Italy,IT,Veneto,IT34,,180,0,,,,,,,,,,,,,IT-raw-csv,,
"2020/03/27 03:44:10 PM UTC",,Italy,IT,Veneto,IT34,,30,4,,,,,,,,,,,,,IT-raw-csv,,
"2020/03/27 03:44:55 PM UTC",,Italy,IT,Veneto,IT34,,20,5,,,,,,,,,,,,,IT-raw-csv,,
"2020/03/27 03:54:00 PM UTC",,Italy,IT,Liguria,IT42,,400,1,,,,,,,,,,,,,IT-raw-csv,,
"2020/03/27 03:58:48 PM UTC",,Italy,IT,Veneto,IT34,,25,6,,,,,,,,,,,,,IT-raw-csv,,
"2020/03/27 04:05:42 PM UTC",,Italy,IT,Veneto,IT34,,50,0,,,,,,,,,,,,,IT-raw-csv,,
"2020/03/27 04:11:33 PM UTC",,Italy,IT,Emilia-Romagna,IT45,,400,3,,,,,,,,,,,,,IT-raw-csv,,
"2020/03/27 04:15:13 PM UTC",,Italy,IT,Lazio,IT62,,30,2,,,,,,,,,,,,,IT-raw-csv,,
"2020/03/27 04:15:31 PM UTC",,Italy,IT,Veneto,IT34,,10,0,,,,,,,,,,,,,IT-raw-csv,,
"2020/03/27 04:25:17 PM UTC",,Italy,IT,Emilia-Romagna,IT45,,20,1,,,,,,,,,,,,,IT-raw-csv,,
"2020/03/27 04:48:18 PM UTC",,Italy,IT,,,,100,4,,,,,,,,,,,,,IT-raw-csv,,
"2020/03/27 04:57:15 PM UTC",,Italy,IT,Lazio,IT62,,40,1,,,,,,,,,,,,,IT-raw-csv,,
"2020/03/27 05:32:30 PM UTC",,Italy,IT,Emilia-Romagna,IT45,,500,0,,,,,,,,,,,,,IT-raw-csv,,
"2020/03/27 05:40:04 PM UTC",,Italy,IT,Veneto,IT34,,70,0,,,,,,,,,,,,,IT-raw-csv,,
"2020/03/27 06:04:26 PM UTC",,Italy,IT,Veneto,IT34,,50,0,,,,,,,,,,,,,IT-raw-csv,,
"2020/03/27 06:04:38 PM UTC",,Italy,IT,Veneto,IT34,,50,0,,,,,,,,,,,,,IT-raw-csv,,
"2020/03/27 06:17:56 PM UTC",,Italy,IT,Emilia-Romagna,IT45,,30,0,,,,,,,,,,,,,IT-raw-csv,,
"2020/03/27 07:30:05 PM UTC",,Italy,IT,Veneto,IT34,,50,0,,,,,,,,,,,,,IT-raw-csv,,
"2020/03/27 10:32:46 PM UTC",,Italy,IT,Veneto,IT34,,30,0,,,,,,,,,,,,,IT-raw-csv,,
"2020/03/27 11:24:14 PM UTC",,Italy,IT,Emilia-Romagna,IT45,,200,1,,,,,,,,,,,,,IT-raw-csv,,
"2020/03/27 11:33:53 PM UTC",,Italy,IT,Veneto,IT34,,200,0,,,,,,,,,,,,,IT-raw-csv,,
"2020/03/27 11:39:57 PM UTC",,Italy,IT,Lombardia,IT25,,1500,5,,,,,,,,,,,,,IT-raw-csv,,
"2020/03/28 01:47:45 PM UTC",,Italy,IT,Toscana,IT52,,50,0,,,,,,,,,,,,,IT-raw-csv,,
"2020/03/28 06:06:21 AM UTC",,Italy,IT,Emilia-Romagna,IT45,,50,0,,,,,,,,,,,,,IT-raw-csv,,
"2020/03/28 10:35:07 AM UTC",,Italy,IT,Emilia-Romagna,IT45,,20,0,,,,,,,,,,,,,IT-raw-csv,,
"2020/03/29 01:01:28 PM UTC",,Italy,IT,Emilia-Romagna,IT45,,250,1,,,,,,,,,,,,,IT-raw-csv,,
"2020/03/29 01:10:36 PM UTC",,Italy,IT,Emilia-Romagna,IT45,,70,0,,,,,,,,,,,,,IT-raw-csv,,
"2020/03/29 01:10:45 PM UTC",,Italy,IT,Lazio,IT62,,40,1,,,,,,,,,,,,,IT-raw-csv,,
"2020/03/29 01:13:06 PM UTC",,Italy,IT,Sicilia,IT82,,1000,0,,,,,,,,,,,,,IT-raw-csv,,
"2020/03/29 01:14:20 PM UTC",,Italy,IT,Emilia-Romagna,IT45,,100,0,,,,,,,,,,,,,IT-raw-csv,,
"2020/03/29 01:19:54 PM UTC",,Italy,IT,Emilia-Romagna,IT45,,30,10,,,,,,,,,,,,,IT-raw-csv,,
"2020/03/29 03:55:03 PM UTC",,Italy,IT,,,,100,3,,,,,,,,,,,,,IT-raw-csv,,
"2020/03/29 05:25:01 PM UTC",,Italy,IT,Veneto,IT34,,200,0,,,,,,,,,,,,,IT-raw-csv,,
"2020/03/29 05:31:09 PM UTC",,Italy,IT,Lombardia,IT25,,100,0,,,,,,,,,,,,,IT-raw-csv,,
"2020/03/29 05:45:41 PM UTC",,Italy,IT,Veneto,IT34,,90,2,,,,,,,,,,,,,IT-raw-csv,,
"2020/03/29 07:33:51 PM UTC",,Italy,IT,Toscana,IT52,,50,1,,,,,,,,,,,,,IT-raw-csv,,
"2020/03/29 08:52:23 PM UTC",,Italy,IT,Veneto,IT34,,20,0,,,,,,,,,,,,,IT-raw-csv,,
"2020/03/29 09:03:36 PM UTC",,Italy,IT,Lombardia,IT25,,80,2,,,,,,,,,,,,,IT-raw-csv,,
"2020/03/29 09:29:30 PM UTC",,Italy,IT,Emilia-Romagna,IT45,,200,0,,,,,,,,,,,,,IT-raw-csv,,
"2020/03/29 11:07:53 AM UTC",,Italy,IT,Toscana,IT52,,30,0,,,,,,,,,,,,,IT-raw-csv,,
"2020/03/29 11:20:47 AM UTC",,Italy,IT,Lombardia,IT25,,100,4,,,,,,,,,,,,,IT-raw-csv,,
"2020/03/29 11:28:01 AM UTC",,Italy,IT,Basilicata,IT77,,7,0,,,,,,,,,,,,,IT-raw-csv,,
"2020/03/29 11:28:07 AM UTC",,Italy,IT,Basilicata,IT77,,7,0,,,,,,,,,,,,,IT-raw-csv,,
"2020/03/29 12:21:40 PM UTC",,Italy,IT,Lombardia,IT25,,50,6,,,,,,,,,,,,,IT-raw-csv,,
"2020/03/29 12:29:06 PM UTC",,Italy,IT,Emilia-Romagna,IT45,,60,0,,,,,,,,,,,,,IT-raw-csv,,
"2020/03/29 12:37:39 PM UTC",,Italy,IT,Lombardia,IT25,,500,4,,,,,,,,,,,,,IT-raw-csv,,
"2020/03/29 12:41:18 PM UTC",,Italy,IT,Lombardia,IT25,,20,0,,,,,,,,,,,,,IT-raw-csv,,
"2020/03/29 12:53:09 PM UTC",,Italy,IT,"Trentino-Alto Adige",IT32,,10,0,,,,,,,,,,,,,IT-raw-csv,,
"2020/03/29 12:53:45 PM UTC",,Italy,IT,Emilia-Romagna,IT45,,50,1,,,,,,,,,,,,,IT-raw-csv,,
"2020/03/30 01:45:45 PM UTC",,Italy,IT,Marche,IT57,,30,0,,,,,,,,,,,,,IT-raw-csv,,
"2020/03/30 01:46:39 PM UTC",,Italy,IT,Piemonte,IT21,,30,0,,,,,,,,,,,,,IT-raw-csv,,
"2020/03/30 03:03:31 AM UTC",,Italy,IT,Emilia-Romagna,IT45,,20,0,,,,,,,,,,,,,IT-raw-csv,,
"2020/03/30 04:49:50 PM UTC",,Italy,IT,Emilia-Romagna,IT45,,200,2,,,,,,,,,,,,,IT-raw-csv,,
"2020/03/30 07:10:58 AM UTC",,Italy,IT,Veneto,IT34,,50,0,,,,,,,,,,,,,IT-raw-csv,,
"2020/03/30 07:48:55 AM UTC",,Italy,IT,Veneto,IT34,,20,2,,,,,,,,,,,,,IT-raw-csv,,
"2020/03/30 07:59:44 AM UTC",,Italy,IT,Liguria,IT42,,400,1,,,,,,,,,,,,,IT-raw-csv,,
"2020/03/30 08:10:50 AM UTC",,Italy,IT,Veneto,IT34,,180,0,,,,,,,,,,,,,IT-raw-csv,,
"2020/03/30 08:13:03 AM UTC",,Italy,IT,Emilia-Romagna,IT45,,20,0,,,,,,,,,,,,,IT-raw-csv,,
"2020/03/30 08:33:11 AM UTC",,Italy,IT,Emilia-Romagna,IT45,,20,0,,,,,,,,,,,,,IT-raw-csv,,
"2020/03/30 09:10:46 PM UTC",,Italy,IT,Emilia-Romagna,IT45,,20,0,,,,,,,,,,,,,IT-raw-csv,,
"2020/03/30 11:00:50 AM UTC",,Italy,IT,Veneto,IT34,,10,0,,,,,,,,,,,,,IT-raw-csv,,
"2020/04/01 08:01:42 AM UTC",,Italy,IT,Veneto,IT34,,5,0,,,,,,,,,,,,,IT-raw-csv,,
"2020/04/02 11:32:38 AM UTC",,Italy,IT,Emilia-Romagna,IT45,,50,1,,,,,,,,,,,,,IT-g-sheet,,
"2020/04/02 12:31:22 PM UTC",,Italy,IT,Emilia-Romagna,IT45,,350,2,,,,,,,,,,,,,IT-g-sheet,,
"2020/04/04 04:26:02 PM UTC",,Italy,IT,"Friuli-Venezia Giulia",IT36,,2000,2,,,,,,,,,,,,,IT-g-sheet,,
"2020/04/06 11:22:08 PM UTC",,Italy,IT,Lombardia,IT25,,100,2,,,,,,,,,,,,,IT-g-sheet,,
"2020/04/07 04:26:37 PM UTC",,Italy,IT,Veneto,IT34,,50,1,,,,,,,,,,,,,IT-g-sheet,,
"2020/04/07 04:52:17 AM UTC",,Italy,IT,Lombardia,IT25,,80,3,,,,,,,,,,,,,IT-g-sheet,,
"2020/04/07 05:06:48 AM UTC",,Italy,IT,Lombardia,IT25,,10,2,,,,,,,,,,,,,IT-g-sheet,,
"2020/04/07 05:43:31 PM UTC",,Italy,IT,Sicilia,IT82,,2,0,,,,,,,,,,,,,IT-g-sheet,,
"2020/04/07 05:47:35 AM UTC",,Italy,IT,Toscana,IT52,,80,5,,,,,,,,,,,,,IT-g-sheet,,
"2020/04/07 06:15:08 PM UTC",,Italy,IT,Emilia-Romagna,IT45,,400,1,,,,,,,,,,,,,IT-g-sheet,,
"2020/04/07 06:15:27 PM UTC",,Italy,IT,"Trentino-Alto Adige",IT32,,30,0,,,,,,,,,,,,,IT-g-sheet,,
"2020/04/07 06:27:21 PM UTC",,Italy,IT,"Trentino-Alto Adige",IT32,,20,0,,,,,,,,,,,,,IT-g-sheet,,
"2020/04/07 06:38:58 AM UTC",,Italy,IT,Puglia,IT75,,30,0,,,,,,,,,,,,,IT-g-sheet,,
"2020/04/07 06:47:19 AM UTC",,Italy,IT,Lombardia,IT25,,50,2,,,,,,,,,,,,,IT-g-sheet,,
"2020/04/07 08:44:30 PM UTC",,Italy,IT,Veneto,IT34,,200,1,,,,,,,,,,,,,IT-g-sheet,,
"2020/04/07 09:47:38 PM UTC",,Italy,IT,Piemonte,IT21,,100,0,,,,,,,,,,,,,IT-g-sheet,,
"2020/04/07 09:52:10 AM UTC",,Italy,IT,Toscana,IT52,,20,0,,,,,,,,,,,,,IT-g-sheet,,
"2020/04/07 09:57:12 AM UTC",,Italy,IT,Lombardia,IT25,,100,4,,,,,,,,,,,,,IT-g-sheet,,
"2020/04/07 09:57:49 AM UTC",,Italy,IT,Veneto,IT34,,20,2,,,,,,,,,,,,,IT-g-sheet,,
"2020/04/07 09:57:50 AM UTC",,Italy,IT,Lazio,IT62,,3,0,,,,,,,,,,,,,IT-g-sheet,,
"2020/04/07 09:59:36 AM UTC",,Italy,IT,Veneto,IT34,,50,0,,,,,,,,,,,,,IT-g-sheet,,
"2020/04/07 10:10:21 AM UTC",,Italy,IT,Veneto,IT34,,40,1,,,,,,,,,,,,,IT-g-sheet,,
"2020/04/07 10:12:58 AM UTC",,Italy,IT,"Trentino-Alto Adige",IT32,,20,0,,,,,,,,,,,,,IT-g-sheet,,
"2020/04/07 10:27:45 AM UTC",,Italy,IT,Toscana,IT52,,100,3,,,,,,,,,,,,,IT-g-sheet,,
"2020/04/07 10:29:43 AM UTC",,Italy,IT,"Trentino-Alto Adige",IT32,,20,0,,,,,,,,,,,,,IT-g-sheet,,
"2020/04/07 10:30:01 AM UTC",,Italy,IT,Lombardia,IT25,,18,0,,,,,,,,,,,,,IT-g-sheet,,
"2020/04/07 10:34:24 AM UTC",,Italy,IT,Veneto,IT34,,100,2,,,,,,,,,,,,,IT-g-sheet,,
"2020/04/07 10:52:59 AM UTC",,Italy,IT,"Trentino-Alto Adige",IT32,,10,2,,,,,,,,,,,,,IT-g-sheet,,
"2020/04/07 10:53:10 AM UTC",,Italy,IT,Veneto,IT34,,24,4,,,,,,,,,,,,,IT-g-sheet,,
"2020/04/07 10:59:03 AM UTC",,Italy,IT,"Trentino-Alto Adige",IT32,,50,5,,,,,,,,,,,,,IT-g-sheet,,
"2020/04/07 11:02:10 AM UTC",,Italy,IT,Veneto,IT34,,40,2,,,,,,,,,,,,,IT-g-sheet,,
"2020/04/07 11:08:08 AM UTC",,Italy,IT,,,,100,5,,,,,,,,,,,,,IT-g-sheet,,
"2020/04/07 11:09:02 AM UTC",,Italy,IT,Veneto,IT34,,35,2,,,,,,,,,,,,,IT-g-sheet,,
"2020/04/07 11:11:14 AM UTC",,Italy,IT,Emilia-Romagna,IT45,,800,2,,,,,,,,,,,,,IT-g-sheet,,
"2020/04/07 11:23:59 AM UTC",,Italy,IT,Veneto,IT34,,15,0,,,,,,,,,,,,,IT-g-sheet,,
"2020/04/07 11:28:12 AM UTC",,Italy,IT,Lombardia,IT25,,180,4,,,,,,,,,,,,,IT-g-sheet,,
"2020/04/07 11:44:16 AM UTC",,Italy,IT,Emilia-Romagna,IT45,,200,1,,,,,,,,,,,,,IT-g-sheet,,
"2020/04/07 11:59:09 AM UTC",,Italy,IT,Veneto,IT34,,70,0,,,,,,,,,,,,,IT-g-sheet,,
"2020/04/07 11:59:51 AM UTC",,Italy,IT,Veneto,IT34,,40,1,,,,,,,,,,,,,IT-g-sheet,,
"2020/04/07 12:14:38 PM UTC",,Italy,IT,Liguria,IT42,,400,1,,,,,,,,,,,,,IT-g-sheet,,
"2020/04/07 12:18:06 PM UTC",,Italy,IT,"Trentino-Alto Adige",IT32,,17,0,,,,,,,,,,,,,IT-g-sheet,,
"2020/04/07 12:27:19 PM UTC",,Italy,IT,Veneto,IT34,,100,3,,,,,,,,,,,,,IT-g-sheet,,
"2020/04/07 12:28:51 PM UTC",,Italy,IT,Veneto,IT34,,200,0,,,,,,,,,,,,,IT-g-sheet,,
"2020/04/07 12:44:51 PM UTC",,Italy,IT,Veneto,IT34,,200,1,,,,,,,,,,,,,IT-g-sheet,,
"2020/04/08 01:02:47 AM UTC",,Italy,IT,Marche,IT57,,18,7,,,,,,,,,,,,,IT-g-sheet,,
"2020/04/08 01:07:16 PM UTC",,Italy,IT,,,,150,3,,,,,,,,,,,,,IT-g-sheet,,
"2020/04/08 01:35:32 PM UTC",,Italy,IT,"Trentino-Alto Adige",IT32,,40,4,,,,,,,,,,,,,IT-g-sheet,,
"2020/04/08 01:47:24 PM UTC",,Italy,IT,"Trentino-Alto Adige",IT32,,100,0,,,,,,,,,,,,,IT-g-sheet,,
"2020/04/08 03:14:37 PM UTC",,Italy,IT,Toscana,IT52,,150,1,,,,,,,,,,,,,IT-g-sheet,,
"2020/04/08 03:17:50 PM UTC",,Italy,IT,Veneto,IT34,,1000,2,,,,,,,,,,,,,IT-g-sheet,,
"2020/04/08 04:47:35 PM UTC",,Italy,IT,Emilia-Romagna,IT45,,2,0,,,,,,,,,,,,,IT-g-sheet,,
"2020/04/08 04:49:50 PM UTC",,Italy,IT,Veneto,IT34,,15,1,,,,,,,,,,,,,IT-g-sheet,,
"2020/04/08 05:09:23 PM UTC",,Italy,IT,Lombardia,IT25,,50,0,,,,,,,,,,,,,IT-g-sheet,,
"2020/04/08 05:35:21 PM UTC",,Italy,IT,Veneto,IT34,,100,0,,,,,,,,,,,,,IT-g-sheet,,
"2020/04/08 06:51:52 PM UTC",,Italy,IT,Veneto,IT34,,500,10,,,,,,,,,,,,,IT-g-sheet,,
"2020/04/08 07:24:42 AM UTC",,Italy,IT,Veneto,IT34,,600,30,,,,,,,,,,,,,IT-g-sheet,,
"2020/04/08 07:25:01 AM UTC",,Italy,IT,Emilia-Romagna,IT45,,200,2,,,,,,,,,,,,,IT-g-sheet,,
"2020/04/08 07:26:49 AM UTC",,Italy,IT,Emilia-Romagna,IT45,,30,0,,,,,,,,,,,,,IT-g-sheet,,
"2020/04/08 07:36:06 AM UTC",,Italy,IT,Emilia-Romagna,IT45,,60,4,,,,,,,,,,,,,IT-g-sheet,,
"2020/04/08 07:38:21 AM UTC",,Italy,IT,Emilia-Romagna,IT45,,25,3,,,,,,,,,,,,,IT-g-sheet,,
"2020/04/08 07:39:23 AM UTC",,Italy,IT,Emilia-Romagna,IT45,,100,1,,,,,,,,,,,,,IT-g-sheet,,
"2020/04/08 07:55:03 AM UTC",,Italy,IT,Veneto,IT34,,30,2,,,,,,,,,,,,,IT-g-sheet,,
"2020/04/08 08:47:23 AM UTC",,Italy,IT,Emilia-Romagna,IT45,,50,0,,,,,,,,,,,,,IT-g-sheet,,
"2020/04/08 08:48:49 PM UTC",,Italy,IT,Emilia-Romagna,IT45,,800,3,,,,,,,,,,,,,IT-g-sheet,,
"2020/04/08 08:55:35 AM UTC",,Italy,IT,Veneto,IT34,,50,0,,,,,,,,,,,,,IT-g-sheet,,
"2020/04/08 08:59:29 AM UTC",,Italy,IT,Emilia-Romagna,IT45,,15,2,,,,,,,,,,,,,IT-g-sheet,,
"2020/04/08 09:12:48 AM UTC",,Italy,IT,Veneto,IT34,,10,0,,,,,,,,,,,,,IT-g-sheet,,
"2020/04/08 09:14:22 PM UTC",,Italy,IT,Lombardia,IT25,,1000,0,,,,,,,,,,,,,IT-g-sheet,,
"2020/04/08 09:21:54 AM UTC",,Italy,IT,Lombardia,IT25,,60,5,,,,,,,,,,,,,IT-g-sheet,,
"2020/04/08 09:26:54 AM UTC",,Italy,IT,Emilia-Romagna,IT45,,50,1,,,,,,,,,,,,,IT-g-sheet,,
"2020/04/08 09:36:09 AM UTC",,Italy,IT,Emilia-Romagna,IT45,,30,0,,,,,,,,,,,,,IT-g-sheet,,
"2020/04/08 09:46:05 PM UTC",,Italy,IT,Veneto,IT34,,26,0,,,,,,,,,,,,,IT-g-sheet,,
"2020/04/08 09:48:10 AM UTC",,Italy,IT,Emilia-Romagna,IT45,,100,1,,,,,,,,,,,,,IT-g-sheet,,
"2020/04/08 09:50:46 AM UTC",,Italy,IT,Veneto,IT34,,70,0,,,,,,,,,,,,,IT-g-sheet,,
"2020/04/08 09:54:00 AM UTC",,Italy,IT,Emilia-Romagna,IT45,,50,1,,,,,,,,,,,,,IT-g-sheet,,
"2020/04/08 10:25:05 AM UTC",,Italy,IT,Veneto,IT34,,200,0,,,,,,,,,,,,,IT-g-sheet,,
"2020/04/08 11:06:37 AM UTC",,Italy,IT,Emilia-Romagna,IT45,,10,1,,,,,,,,,,,,,IT-g-sheet,,
"2020/04/08 11:49:13 AM UTC",,Italy,IT,Veneto,IT34,,20,0,,,,,,,,,,,,,IT-g-sheet,,
"2020/04/08 11:57:42 PM UTC",,Italy,IT,Veneto,IT34,,50,5,,,,,,,,,,,,,IT-g-sheet,,
"2020/04/08 12:40:09 PM UTC",,Italy,IT,Veneto,IT34,,50,1,,,,,,,,,,,,,IT-g-sheet,,
"2020/04/09 02:00:52 PM UTC",,Italy,IT,Veneto,IT34,,22,2,,,,,,,,,,,,,IT-g-sheet,,
"2020/04/09 03:52:20 PM UTC",,Italy,IT,"Trentino-Alto Adige",IT32,,50,10,,,,,,,,,,,,,IT-g-sheet,,
"2020/04/09 03:59:41 PM UTC",,Italy,IT,Lombardia,IT25,,80,2,,,,,,,,,,,,,IT-g-sheet,,
"2020/04/09 05:19:39 PM UTC",,Italy,IT,"Trentino-Alto Adige",IT32,,100,5,,,,,,,,,,,,,IT-g-sheet,,
"2020/04/09 06:58:21 PM UTC",,Italy,IT,Lombardia,IT25,,150,20,,,,,,,,,,,,,IT-g-sheet,,
"2020/04/09 06:58:24 AM UTC",,Italy,IT,,,,150,3,,,,,,,,,,,,,IT-g-sheet,,
"2020/04/09 07:59:00 AM UTC",,Italy,IT,Veneto,IT34,,40,1,,,,,,,,,,,,,IT-g-sheet,,
"2020/04/09 08:00:58 AM UTC",,Italy,IT,Emilia-Romagna,IT45,,25,4,,,,,,,,,,,,,IT-g-sheet,,
"2020/04/09 08:01:08 AM UTC",,Italy,IT,"Trentino-Alto Adige",IT32,,10,0,,,,,,,,,,,,,IT-g-sheet,,
"2020/04/09 08:03:35 AM UTC",,Italy,IT,"Friuli-Venezia Giulia",IT36,,40,0,,,,,,,,,,,,,IT-g-sheet,,
"2020/04/09 08:04:17 AM UTC",,Italy,IT,"Trentino-Alto Adige",IT32,,20,0,,,,,,,,,,,,,IT-g-sheet,,
"2020/04/09 08:15:54 AM UTC",,Italy,IT,Veneto,IT34,,10,0,,,,,,,,,,,,,IT-g-sheet,,
"2020/04/09 08:26:40 PM UTC",,Italy,IT,"Trentino-Alto Adige",IT32,,50,10,,,,,,,,,,,,,IT-g-sheet,,
"2020/04/09 08:40:00 AM UTC",,Italy,IT,"Trentino-Alto Adige",IT32,,50,10,,,,,,,,,,,,,IT-g-sheet,,
"2020/04/09 08:44:52 PM UTC",,Italy,IT,Campania,IT72,,30,2,,,,,,,,,,,,,IT-g-sheet,,
"2020/04/09 09:12:55 AM UTC",,Italy,IT,Veneto,IT34,,11,0,,,,,,,,,,,,,IT-g-sheet,,
"2020/04/09 09:24:21 AM UTC",,Italy,IT,Veneto,IT34,,40,1,,,,,,,,,,,,,IT-g-sheet,,
"2020/04/09 09:31:35 PM UTC",,Italy,IT,Lombardia,IT25,,100,10,,,,,,,,,,,,,IT-g-sheet,,
"2020/04/09 10:00:14 AM UTC",,Italy,IT,Veneto,IT34,,50,2,,,,,,,,,,,,,IT-g-sheet,,
"2020/04/09 10:15:16 AM UTC",,Italy,IT,Emilia-Romagna,IT45,,10,0,,,,,,,,,,,,,IT-g-sheet,,
"2020/04/09 10:15:54 AM UTC",,Italy,IT,Veneto,IT34,,60,1,,,,,,,,,,,,,IT-g-sheet,,
"2020/04/09 11:32:21 AM UTC",,Italy,IT,Veneto,IT34,,30,1,,,,,,,,,,,,,IT-g-sheet,,
"2020/04/09 12:31:09 PM UTC",,Italy,IT,"Trentino-Alto Adige",IT32,,10,1,,,,,,,,,,,,,IT-g-sheet,,
"2020/04/10 02:41:22 PM UTC",,Italy,IT,Veneto,IT34,,44,6,,,,,,,,,,,,,IT-g-sheet,,
"2020/04/10 05:46:22 PM UTC",,Italy,IT,Lombardia,IT25,,150,6,,,,,,,,,,,,,IT-g-sheet,,
"2020/04/10 06:32:30 AM UTC",,Italy,IT,Veneto,IT34,,200,3,,,,,,,,,,,,,IT-g-sheet,,
"2020/04/10 07:52:10 AM UTC",,Italy,IT,,,,150,3,,,,,,,,,,,,,IT-g-sheet,,
"2020/04/10 07:57:44 AM UTC",,Italy,IT,Emilia-Romagna,IT45,,50,0,,,,,,,,,,,,,IT-g-sheet,,
"2020/04/10 07:59:14 AM UTC",,Italy,IT,Emilia-Romagna,IT45,,30,1,,,,,,,,,,,,,IT-g-sheet,,
"2020/04/10 08:06:58 AM UTC",,Italy,IT,Emilia-Romagna,IT45,,25,4,,,,,,,,,,,,,IT-g-sheet,,
"2020/04/10 08:59:33 AM UTC",,Italy,IT,Emilia-Romagna,IT45,,800,3,,,,,,,,,,,,,IT-g-sheet,,
"2020/04/10 09:11:04 AM UTC",,Italy,IT,Lombardia,IT25,,180,6,,,,,,,,,,,,,IT-g-sheet,,
"2020/04/10 09:23:34 AM UTC",,Italy,IT,Veneto,IT34,,180,0,,,,,,,,,,,,,IT-g-sheet,,
"2020/04/10 09:52:19 AM UTC",,Italy,IT,Toscana,IT52,,30,1,,,,,,,,,,,,,IT-g-sheet,,
"2020/04/10 10:41:47 AM UTC",,Italy,IT,Liguria,IT42,,400,2,,,,,,,,,,,,,IT-g-sheet,,
"2020/04/11 01:19:53 PM UTC",,Italy,IT,Lombardia,IT25,,80,2,,,,,,,,,,,,,IT-g-sheet,,
"2020/04/11 05:13:15 PM UTC",,Italy,IT,Piemonte,IT21,,200,0,,,,,,,,,,,,,IT-g-sheet,,
"2020/04/11 05:14:16 PM UTC",,Italy,IT,Piemonte,IT21,,200,0,,,,,,,,,,,,,IT-g-sheet,,
"2020/04/11 05:21:35 PM UTC",,Italy,IT,"Trentino-Alto Adige",IT32,,2,2,,,,,,,,,,,,,IT-g-sheet,,
"2020/04/11 05:41:38 PM UTC",,Italy,IT,Liguria,IT42,,3,5,,,,,,,,,,,,,IT-g-sheet,,
"2020/04/11 05:49:47 PM UTC",,Italy,IT,Sicilia,IT82,,2,1,,,,,,,,,,,,,IT-g-sheet,,
"2020/04/11 05:53:54 PM UTC",,Italy,IT,Emilia-Romagna,IT45,,25,0,,,,,,,,,,,,,IT-g-sheet,,
"2020/04/11 06:28:36 PM UTC",,Italy,IT,Lombardia,IT25,,70,0,,,,,,,,,,,,,IT-g-sheet,,
"2020/04/11 06:45:21 AM UTC",,Italy,IT,Veneto,IT34,,10,3,,,,,,,,,,,,,IT-g-sheet,,
"2020/04/11 07:40:27 PM UTC",,Italy,IT,,,,20,0,,,,,,,,,,,,,IT-g-sheet,,
"2020/04/11 07:41:14 PM UTC",,Italy,IT,,,,20,0,,,,,,,,,,,,,IT-g-sheet,,
"2020/04/11 08:20:42 PM UTC",,Italy,IT,Toscana,IT52,,100,0,,,,,,,,,,,,,IT-g-sheet,,
"2020/04/11 09:04:01 PM UTC",,Italy,IT,,,,1,0,,,,,,,,,,,,,IT-g-sheet,,
"2020/04/11 09:13:52 PM UTC",,Italy,IT,Lazio,IT62,,200,0,,,,,,,,,,,,,IT-g-sheet,,
"2020/04/12 02:33:54 PM UTC",,Italy,IT,Basilicata,IT77,,29,0,,,,,,,,,,,,,IT-g-sheet,,
"2020/04/12 06:35:04 AM UTC",,Italy,IT,,,,100,10,,,,,,,,,,,,,IT-g-sheet,,
"2020/04/12 09:07:58 AM UTC",,Italy,IT,"Friuli-Venezia Giulia",IT36,,200,0,,,,,,,,,,,,,IT-g-sheet,,
"2020/04/12 09:35:04 AM UTC",,Italy,IT,Lazio,IT62,,100,0,,,,,,,,,,,,,IT-g-sheet,,
"2020/04/12 11:29:50 AM UTC",,Italy,IT,Emilia-Romagna,IT45,,100,2,,,,,,,,,,,,,IT-g-sheet,,
"2020/04/13 08:44:30 AM UTC",,Italy,IT,Veneto,IT34,,44,6,,,,,,,,,,,,,IT-g-sheet,,
"2020/04/15 03:33:42 PM UTC",,Italy,IT,Veneto,IT34,,40,1,,,,,,,,,,,,,IT-g-sheet,,
"2020/04/15 03:34:38 PM UTC",,Italy,IT,"Trentino-Alto Adige",IT32,,10,0,,,,,,,,,,,,,IT-g-sheet,,
"2020/04/15 03:35:30 PM UTC",,Italy,IT,Lombardia,IT25,,10,0,,,,,,,,,,,,,IT-g-sheet,,
"2020/04/15 10:36:03 PM UTC",,Italy,IT,Lazio,IT62,,100,0,,,,,,,,,,,,,IT-g-sheet,,
"2020/04/16 01:58:17 AM UTC",,Italy,IT,"Trentino-Alto Adige",IT32,,20,3,,,,,,,,,,,,,IT-g-sheet,,
"2020/04/16 06:49:01 AM UTC",,Italy,IT,Lombardia,IT25,,50,2,,,,,,,,,,,,,IT-g-sheet,,
"2020/04/16 06:49:19 PM UTC",,Italy,IT,Sardegna,IT88,,2000,50,,,,,,,,,,,,,IT-g-sheet,,
"2020/04/16 07:14:08 AM UTC",,Italy,IT,Lombardia,IT25,,1000,8,,,,,,,,,,,,,IT-g-sheet,,
"2020/04/16 07:39:52 AM UTC",,Italy,IT,Toscana,IT52,,17,1,,,,,,,,,,,,,IT-g-sheet,,
"2020/04/16 07:48:25 AM UTC",,Italy,IT,Lombardia,IT25,,50,1,,,,,,,,,,,,,IT-g-sheet,,
"2020/04/16 08:08:22 PM UTC",,Italy,IT,Sardegna,IT88,,2000,50,,,,,,,,,,,,,IT-g-sheet,,
"2020/04/16 09:39:04 AM UTC",,Italy,IT,Piemonte,IT21,,1000,2,,,,,,,,,,,,,IT-g-sheet,,
"2020/04/16 09:53:13 AM UTC",,Italy,IT,Piemonte,IT21,,50,0,,,,,,,,,,,,,IT-g-sheet,,
"2020/04/16 09:54:10 AM UTC",,Italy,IT,Lazio,IT62,,2,0,,,,,,,,,,,,,IT-g-sheet,,
"2020/04/16 10:03:00 AM UTC",,Italy,IT,Veneto,IT34,,50,0,,,,,,,,,,,,,IT-g-sheet,,
"2020/04/16 10:11:42 AM UTC",,Italy,IT,Emilia-Romagna,IT45,,1000,2,,,,,,,,,,,,,IT-g-sheet,,
"2020/04/16 10:23:39 AM UTC",,Italy,IT,Piemonte,IT21,,80,1,,,,,,,,,,,,,IT-g-sheet,,
"2020/04/16 10:24:21 AM UTC",,Italy,IT,Piemonte,IT21,,80,1,,,,,,,,,,,,,IT-g-sheet,,
"2020/04/16 10:46:37 AM UTC",,Italy,IT,Lombardia,IT25,,100,10,,,,,,,,,,,,,IT-g-sheet,,
"2020/04/16 11:38:54 AM UTC",,Italy,IT,Lombardia,IT25,,300,5,,,,,,,,,,,,,IT-g-sheet,,
"2020/04/16 12:16:24 PM UTC",,Italy,IT,Liguria,IT42,,50,0,,,,,,,,,,,,,IT-g-sheet,,
"2020/04/17 11:39:38 PM UTC",,Italy,IT,Calabria,IT78,,50,0,,,,,,,,,,,,,IT-g-sheet,,
"2020/04/18 01:49:45 PM UTC",,Italy,IT,Lombardia,IT25,,24,0,,,,,,,,,,,,,IT-g-sheet,,
"2020/04/18 02:02:29 PM UTC",,Italy,IT,Veneto,IT34,,850,3,,,,,,,,,,,,,IT-g-sheet,,
"2020/04/18 02:08:38 PM UTC",,Italy,IT,Emilia-Romagna,IT45,,500,20,,,,,,,,,,,,,IT-g-sheet,,
"2020/04/18 03:32:21 PM UTC",,Italy,IT,Lombardia,IT25,,4,0,,,,,,,,,,,,,IT-g-sheet,,
"2020/04/18 06:01:33 AM UTC",,Italy,IT,Lombardia,IT25,,100,50,,,,,,,,,,,,,IT-g-sheet,,
"2020/04/18 07:07:55 AM UTC",,Italy,IT,Lombardia,IT25,,100,9,,,,,,,,,,,,,IT-g-sheet,,
"2020/04/18 08:48:38 AM UTC",,Italy,IT,Lombardia,IT25,,40,1,,,,,,,,,,,,,IT-g-sheet,,
"2020/04/18 10:14:13 AM UTC",,Italy,IT,Sicilia,IT82,,100,0,,,,,,,,,,,,,IT-g-sheet,,
"2020/04/18 12:30:24 PM UTC",,Italy,IT,Puglia,IT75,,1,1,,,,,,,,,,,,,IT-g-sheet,,
"2020/04/19 01:35:34 PM UTC",,Italy,IT,Lombardia,IT25,,60,7,,,,,,,,,,,,,IT-g-sheet,,
"2020/04/19 09:19:47 AM UTC",,Italy,IT,Veneto,IT34,,50,0,,,,,,,,,,,,,IT-g-sheet,,
"2020/04/19 10:28:39 AM UTC",,Italy,IT,Piemonte,IT21,,30,5,,,,,,,,,,,,,IT-g-sheet,,
"2020/04/19 10:31:47 PM UTC",,Italy,IT,Campania,IT72,,5000,8,,,,,,,,,,,,,IT-g-sheet,,
"2020/04/20 09:12:58 AM UTC",,Italy,IT,Lombardia,IT25,,76,12,,,,,,,,,,,,,IT-g-sheet,,
"2020/04/20 09:47:52 AM UTC",,Italy,IT,Lombardia,IT25,,40,2,,,,,,,,,,,,,IT-g-sheet,,
"2020/04/20 12:20:43 PM UTC",,Italy,IT,Piemonte,IT21,,50,3,,,,,,,,,,,,,IT-g-sheet,,
"2020/04/23 05:55:42 PM UTC",,Italy,IT,Veneto,IT34,,44,6,,,,,,,,,,,,,IT-g-sheet,,
"2020/04/23 10:39:38 AM UTC",,Italy,IT,Calabria,IT78,,100,10,,,,,,,,,,,,,IT-g-sheet,,
"2020/04/27 04:44:26 PM UTC",,Italy,IT,Liguria,IT42,,40,1,,,,,,,,,,,,,IT-g-sheet,,
"2020/04/27 08:18:53 PM UTC",,Italy,IT,Lombardia,IT25,,60,6,,,,,,,,,,,,,IT-g-sheet,,
"2020/04/27 08:20:39 PM UTC",,Italy,IT,Lombardia,IT25,,100,6,,,,,,,,,,,,,IT-g-sheet,,
"2020/04/27 08:21:49 PM UTC",,Italy,IT,,,,150,6,,,,,,,,,,,,,IT-g-sheet,,
"2020/04/27 08:21:57 PM UTC",,Italy,IT,Lombardia,IT25,,100,6,,,,,,,,,,,,,IT-g-sheet,,
"2020/04/29 11:59:55 AM UTC",,Italy,IT,Lazio,IT62,,30,0,,,,,,,,,,,,,IT-g-sheet,,
"2020/05/02 10:02:14 AM UTC",,Italy,IT,"Trentino-Alto Adige",IT32,,25,2,,,,,,,,,,,,,IT-g-sheet,,
"2020/05/10 05:47:48 AM UTC","2020/05/10 05:47:48 AM UTC",Italy,IT,Regioni:Lombardia,IT25,en,50,5,1,,,,,,,,,Y,Y,N,limesurvey,iwfkfnzq29ka0myib4,
"2020/05/14 11:43:14 AM UTC","2020/05/14 11:43:14 AM UTC",Italy,IT,Regioni:Liguria,IT42,en,9,2,2,,,,,,,,,Y,Y,N,limesurvey,ih4lokpjy2ka6pevhg,
"2020/05/14 03:49:06 PM UTC","2020/05/14 03:49:06 PM UTC",Italy,IT,Regioni:Lombardia,IT25,en,100,5,1,,,,,,,,,Y,Y,N,limesurvey,hujhuypehcka6y75cs,
"2020/05/15 08:31:05 AM UTC","2020/05/15 08:31:05 AM UTC",Italy,IT,Regioni:Emilia-Romagna,IT45,en,30,2,2,,,,,,,,,Y,N,N,limesurvey,7lytl8emvhka7xzp9g,
"2020/05/26 10:16:46 PM UTC","2020/05/26 10:16:46 PM UTC",Italy,IT,Regioni:Lombardia,IT25,en,100,5,5,,,,,,,,,Y,N,N,limesurvey-12026,maix5ukwepkaohbx2h,
"2020/05/31 02:54:31 PM UTC","2020/05/31 02:54:31 PM UTC",Italy,IT,Province:Firenze,ITFI,en,30,1,1,,,,,,,,,Y,N,N,limesurvey-12433,oi9o9asarvkav6qfku,
"2020/06/01 11:50:21 PM UTC","2020/06/01 11:50:21 PM UTC",Italy,IT,Regioni:Emilia-Romagna,IT45,en,50,0,0,,,,,,,,,Y,N,N,limesurvey-12816,s4rf76cl6mkax5bdx3,
"2020/06/02 08:04:24 AM UTC","2020/06/02 08:04:24 AM UTC",Italy,IT,Regioni:Campania,IT72,en,80,2,2,,,,,,,,,Y,N,N,limesurvey-12842,gkjg6lkbehkaxmypn5,
"2020/06/03 09:38:15 AM UTC","2020/06/03 09:38:15 AM UTC",Italy,IT,Regioni:Lombardia,IT25,en,300,0,0,,,,,,,,,Y,N,N,limesurvey-13008,qya987qlnhkaz5ra6y,
"2020/06/05 08:41:00 PM UTC","2020/06/05 08:41:00 PM UTC",Italy,IT,Regioni:Liguria,IT42,en,50,4,4,,,,,,,,,Y,N,N,limesurvey-13683,y7zcm84xj3kb2oba7j,
"2020/06/05 09:50:42 PM UTC","2020/06/05 09:50:42 PM UTC",Italy,IT,Regioni:Toscana,IT52,en,10,3,3,,,,,,,,,Y,N,N,limesurvey-13786,ey03b3pntykb2qsm2l,
"2020/06/05 10:01:51 PM UTC","2020/06/05 10:01:51 PM UTC",Italy,IT,Regioni:Calabria,IT78,en,11,0,,,,,,,,,,Y,N,N,limesurvey-13791,6ogyjr6g2ikb2r7876,
"2020/06/05 10:05:13 PM UTC","2020/06/05 10:05:13 PM UTC",Italy,IT,Regioni:Calabria,IT78,en,10,0,,,,,,,,,,Y,N,Y,limesurvey-13793,6ogyjr6g2ikb2r7876,
"2020/06/05 10:17:31 PM UTC","2020/06/05 10:17:31 PM UTC",Italy,IT,"Regioni:Friuli-Venezia Giulia",IT36,en,4,0,0,,,,,,,,,Y,N,Y,limesurvey-13801,jm7eo5p1h1kb2rrf3l,
"2020/06/06 12:27:12 AM UTC","2020/06/06 12:27:12 AM UTC",Italy,IT,Regioni:Lazio,IT62,en,15,0,0,,,,,,,,,Y,N,N,limesurvey-13836,l5uf03e8s6kb2we6dq,
"2020/06/06 05:21:15 AM UTC","2020/06/06 05:21:15 AM UTC",Italy,IT,Province:Bari,ITBA,en,20,0,0,,,,,,,,,Y,N,N,limesurvey-13881,zt83fs8f2wkb36wc17,
"2020/06/06 06:04:36 AM UTC","2020/06/06 06:04:36 AM UTC",Italy,IT,Regioni:Lombardia,IT25,en,250,4,4,,,,,,,,,Y,N,N,limesurvey-13886,24bay1fpbakb38g1ll,
"2020/06/06 06:57:04 AM UTC","2020/06/06 06:57:04 AM UTC",Italy,IT,Regioni:Lombardia,IT25,en,300,0,0,,,,,,,,,N,N,N,limesurvey-13897,r532d0bv4lkb3abjlm,
"2020/06/06 06:57:31 AM UTC","2020/06/06 06:57:31 AM UTC",Italy,IT,Regioni:Liguria,IT42,en,50,1,1,,,,,,,,,N,N,N,limesurvey-13898,q20qb37qh1kb3ac49f,
"2020/06/06 07:09:45 AM UTC","2020/06/06 07:09:45 AM UTC",Italy,IT,Regioni:Lazio,IT62,en,50,0,0,,,,,,,,,Y,N,N,limesurvey-13900,pdauc4b39hkb3ars11,
"2020/06/06 08:06:20 AM UTC","2020/06/06 08:06:20 AM UTC",Italy,IT,Regioni:Lombardia,IT25,en,100,0,,,,,,,,,,Y,Y,Y,limesurvey-13921,g0jwa750ndkb3cslz9,
"2020/06/06 11:00:09 AM UTC","2020/06/06 11:00:09 AM UTC",Italy,IT,Regioni:Toscana,IT52,en,100,0,0,,,,,,,,,Y,N,N,limesurvey-13972,1g2g0aw4u6kb3j04zx,
"2020/06/06 12:33:07 PM UTC","2020/06/06 12:33:07 PM UTC",Italy,IT,Regioni:Marche,IT57,en,50,1,1,,,,,,,,,Y,N,N,limesurvey-13986,ybyexhxpvekb3mbmb6,
"2020/06/07 08:28:18 AM UTC","2020/06/07 08:28:18 AM UTC",Italy,IT,Regioni:Toscana,IT52,en,50,0,,,,,,,,,,Y,N,N,limesurvey-14117,s69do0grtakb4t0pxb,
"2020/06/07 07:04:30 PM UTC","2020/06/07 07:04:30 PM UTC",Italy,IT,Regioni:Campania,IT72,en,100,0,,,,,,,,,,Y,Y,N,limesurvey-14193,6j6w8iw2mskb5fqw9y,
"2020/06/08 06:36:09 AM UTC","2020/06/08 06:36:09 AM UTC",Italy,IT,Regioni:Veneto,IT34,en,40,0,,,,,,,,,,Y,N,N,limesurvey-14234,7it4j8j6jfkb64gctu,
"2020/06/08 07:08:50 AM UTC","2020/06/08 07:08:50 AM UTC",Italy,IT,Regioni:Emilia-Romagna,IT45,en,30,1,1,,,,,,,,,Y,N,N,limesurvey-14239,5svfl0mzivkb65mdyl,
"2020/06/08 07:31:46 AM UTC","2020/06/08 07:31:46 AM UTC",Italy,IT,Regioni:Sardegna,IT88,en,10,0,,,,,,,,,,Y,N,N,limesurvey-14241,ae0y6i1bxykb66fv2k,
"2020/06/08 08:41:49 AM UTC","2020/06/08 08:41:49 AM UTC",Italy,IT,Province:Roma,ITRM,en,18,1,1,,,,,,,,,Y,N,N,limesurvey-14254,8hc1dxpvu1kb68vf59,
"2020/06/08 09:21:34 AM UTC","2020/06/08 09:21:34 AM UTC",Italy,IT,Regioni:Lombardia,IT25,en,50,1,1,,,,,,,,,Y,N,N,limesurvey-14264,77p4e8rjdokb6ad33j,
"2020/06/08 10:13:16 PM UTC","2020/06/08 10:13:16 PM UTC",Italy,IT,Regioni:Lombardia,IT25,en,15,0,0,,,,,,,,,Y,N,Y,limesurvey-14554,7ajg7qm9slkb71xgos,
"2020/06/08 10:19:00 PM UTC","2020/06/08 10:19:00 PM UTC",Italy,IT,Regioni:Lombardia,IT25,en,100,10,8,,,,,,,,,Y,Y,N,limesurvey-14555,ty5ocy5bd5kb724u37,
"2020/06/09 03:30:48 PM UTC","2020/06/09 03:30:47 PM UTC",Italy,IT,Regioni:Calabria,IT78,en,15,0,0,,,,,,,,,Y,N,N,limesurvey-14610,zxlddrnr33kb82zr4d,
"2020/06/09 03:31:29 PM UTC","2020/06/09 03:31:29 PM UTC",Italy,IT,Regioni:Marche,IT57,en,50,2,2,,,,,,,,,N,N,N,limesurvey-14612,ybyexhxpvekb3mbmb6,
"2020/06/09 03:33:00 PM UTC","2020/06/09 03:33:00 PM UTC",Italy,IT,Regioni:Sicilia,IT82,en,100,1,1,,,,,,,,,Y,N,N,limesurvey-14622,ga7rrev2k5kb832lgg,
"2020/06/09 03:33:44 PM UTC","2020/06/09 03:33:44 PM UTC",Italy,IT,Regioni:Liguria,IT42,en,50,1,1,,,,,,,,,N,N,N,limesurvey-14625,a6vvlggeyskb833jhe,
"2020/06/09 03:35:24 PM UTC","2020/06/09 03:35:24 PM UTC",Italy,IT,Regioni:Toscana,IT52,en,10,0,0,,,,,,,,,Y,N,N,limesurvey-14627,qkel403peakb835odd,
"2020/06/09 03:48:53 PM UTC","2020/06/09 03:48:52 PM UTC",Italy,IT,Province:Padova,ITPD,en,20,3,3,,,,,,,,,Y,N,N,limesurvey-14662,4qonyph99hkb83n0xo,
"2020/06/09 03:53:21 PM UTC","2020/06/09 03:53:21 PM UTC",Italy,IT,Regioni:Lombardia,IT25,en,140,11,11,,,,,,,,,Y,N,N,limesurvey-14677,ekos5ft8s0kb83spfe,
"2020/06/09 03:55:56 PM UTC","2020/06/09 03:55:56 PM UTC",Italy,IT,Regioni:Lazio,IT62,en,30,0,0,,,,,,,,,Y,N,N,limesurvey-14684,6eg88z40eakb83w3dt,
"2020/06/09 03:59:15 PM UTC","2020/06/09 03:59:15 PM UTC",Italy,IT,Regioni:Emilia-Romagna,IT45,en,20,5,5,,,,,,,,,Y,N,N,limesurvey-14693,h3o1zaikpzkb840dpg,
"2020/06/09 04:07:03 PM UTC","2020/06/09 04:07:03 PM UTC",Italy,IT,"Regioni:Friuli-Venezia Giulia",IT36,en,4,0,0,,,,,,,,,N,N,Y,limesurvey-14703,jm7eo5p1h1kb2rrf3l,
"2020/06/09 04:45:38 PM UTC","2020/06/09 04:45:38 PM UTC",Italy,IT,Regioni:Lazio,IT62,en,15,0,0,,,,,,,,,N,N,N,limesurvey-14746,l5uf03e8s6kb2we6dq,
"2020/06/09 05:12:19 PM UTC","2020/06/09 05:12:19 PM UTC",Italy,IT,Province:Palermo,ITPA,en,10,3,3,,,,,,,,,Y,N,N,limesurvey-14793,j7eufpsvfpkb86mb8w,
"2020/06/09 06:45:30 PM UTC","2020/06/09 06:45:30 PM UTC",Italy,IT,Regioni:Toscana,IT52,en,100,5,5,,,,,,,,,Y,N,N,limesurvey-14867,ll6zqg0ixdkb89y5hx,
"2020/06/10 07:11:26 AM UTC","2020/06/10 07:11:26 AM UTC",Italy,IT,Regioni:Lazio,IT62,en,20,3,3,,,,,,,,,Y,N,N,limesurvey-15031,oz6knvur8okb90lf8o,
"2020/06/10 07:11:30 AM UTC","2020/06/10 07:11:30 AM UTC",Italy,IT,Regioni:Lazio,IT62,en,20,3,3,,,,,,,,,Y,N,N,limesurvey-15032,oz6knvur8okb90lf8o,
"2020/06/10 07:11:33 AM UTC","2020/06/10 07:11:33 AM UTC",Italy,IT,Regioni:Lazio,IT62,en,20,3,3,,,,,,,,,Y,N,N,limesurvey-15033,oz6knvur8okb90lf8o,
"2020/06/10 07:11:35 AM UTC","2020/06/10 07:11:35 AM UTC",Italy,IT,Regioni:Lazio,IT62,en,20,3,3,,,,,,,,,Y,N,N,limesurvey-15034,oz6knvur8okb90lf8o,
"2020/06/10 07:11:37 AM UTC","2020/06/10 07:11:37 AM UTC",Italy,IT,Regioni:Lazio,IT62,en,20,3,3,,,,,,,,,Y,N,N,limesurvey-15035,oz6knvur8okb90lf8o,
"2020/06/10 07:11:38 AM UTC","2020/06/10 07:11:38 AM UTC",Italy,IT,Regioni:Lazio,IT62,en,20,3,3,,,,,,,,,Y,N,N,limesurvey-15036,oz6knvur8okb90lf8o,
"2020/06/10 07:11:39 AM UTC","2020/06/10 07:11:39 AM UTC",Italy,IT,Regioni:Lazio,IT62,en,20,3,3,,,,,,,,,Y,N,N,limesurvey-15037,oz6knvur8okb90lf8o,
"2020/06/10 07:11:40 AM UTC","2020/06/10 07:11:40 AM UTC",Italy,IT,Regioni:Lazio,IT62,en,20,3,3,,,,,,,,,Y,N,N,limesurvey-15038,oz6knvur8okb90lf8o,
"2020/06/10 07:11:41 AM UTC","2020/06/10 07:11:41 AM UTC",Italy,IT,Regioni:Lazio,IT62,en,20,3,3,,,,,,,,,Y,N,N,limesurvey-15040,oz6knvur8okb90lf8o,
"2020/06/10 07:12:21 AM UTC","2020/06/10 07:12:21 AM UTC",Italy,IT,Regioni:Lazio,IT62,en,20,3,3,,,,,,,,,Y,N,N,limesurvey-15045,lzssb1aqcfkb90mlsm,
"2020/06/10 09:14:19 AM UTC","2020/06/10 09:14:19 AM UTC",Italy,IT,Regioni:Veneto,IT34,en,50,0,0,,,,,,,,,Y,N,N,limesurvey-15084,c1q3cyfy2bkb94zgfg,
"2020/06/10 09:29:17 AM UTC","2020/06/10 09:29:17 AM UTC",Italy,IT,,,en,21,1,1,,,,,,,,,N,N,N,limesurvey-15089,8hc1dxpvu1kb68vf59,
"2020/06/10 10:17:21 AM UTC","2020/06/10 10:17:21 AM UTC",Italy,IT,Regioni:Lazio,IT62,en,50,0,0,,,,,,,,,N,N,N,limesurvey-15101,pdauc4b39hkb3ars11,
"2020/06/10 11:28:09 AM UTC","2020/06/10 11:28:09 AM UTC",Italy,IT,Regioni:Lazio,IT62,en,50,5,5,,,,,,,,,Y,N,N,limesurvey-15118,ha9mewlfzmkb99rhoz,
"2020/06/10 04:01:42 PM UTC","2020/06/10 04:01:42 PM UTC",Italy,IT,Regioni:Lazio,IT62,en,20,0,0,,,,,,,,,Y,N,N,limesurvey-15181,kbwaqqc8i2kb9jjcwn,
"2020/06/11 06:13:43 AM UTC","2020/06/11 06:13:43 AM UTC",Italy,IT,Province:Palermo,ITPA,en,10,3,3,,,,,,,,,N,N,,limesurvey-15265,j7eufpsvfpkb86mb8w,
"2020/06/11 10:29:33 AM UTC","2020/06/11 10:29:33 AM UTC",Italy,IT,Regioni:Veneto,IT34,en,50,0,0,,,,,,,,,Y,N,N,limesurvey-15289,c1q3cyfy2bkb94zgfg,
"2020/06/11 03:48:34 PM UTC","2020/06/11 03:48:34 PM UTC",Italy,IT,Province:Padova,ITPD,en,20,3,3,,,,,,,,,N,N,N,limesurvey-15329,4qonyph99hkb83n0xo,
"2020/06/11 11:28:14 PM UTC","2020/06/11 11:28:14 PM UTC",Italy,IT,Regioni:Lazio,IT62,en,100,0,0,,,,,,,,,Y,N,N,limesurvey-15585,o8yggbj0yfkbbexge5,
"2020/06/12 05:06:14 PM UTC","2020/06/12 05:06:14 PM UTC",Italy,IT,Regioni:Campania,IT72,en,7,0,0,,,,,,,,,Y,Y,Y,limesurvey-15655,vhtwqk3npbkbcgq24m,
"2020/06/13 11:40:09 AM UTC","2020/06/13 11:40:09 AM UTC",Italy,IT,Regioni:Lombardia,IT25,en,50,6,3,,,,,,,,,Y,N,N,limesurvey-15777,i2cuel4eb2kbdkie6u,
"2020/06/14 12:00:42 AM UTC","2020/06/14 12:00:42 AM UTC",Italy,IT,Regioni:Lazio,IT62,en,20,0,0,,,,,,,,,N,N,N,limesurvey-16062,kbwaqqc8i2kb9jjcwn,
"2020/06/15 06:38:25 AM UTC","2020/06/15 06:38:25 AM UTC",Italy,IT,Province:Palermo,ITPA,en,10,3,3,,,,,,,,,N,,,limesurvey-16187,j7eufpsvfpkb86mb8w,
"2020/06/15 08:47:08 AM UTC","2020/06/15 08:47:08 AM UTC",Italy,IT,Regioni:Toscana,IT52,en,100,10,10,,,,,,,,,N,N,N,limesurvey-16208,ll6zqg0ixdkb89y5hx,
"2020/06/15 07:38:18 PM UTC","2020/06/15 07:38:18 PM UTC",Italy,IT,Regioni:Lombardia,IT25,en,150,11,11,,,,,,,,,N,N,N,limesurvey-16466,818tf3s4xqkbgwh5x7,
"2020/06/20 07:30:48 AM UTC","2020/06/20 07:30:48 AM UTC",Italy,IT,Regioni:Toscana,IT52,en,100,11,10,,,,,,,,,N,N,N,limesurvey-17693,ll6zqg0ixdkb89y5hx,
"2020/06/23 11:24:24 PM UTC","2020/06/23 11:24:24 PM UTC",Italy,IT,Regioni:Lazio,IT62,en,20,0,0,,,,,,,,,N,N,N,limesurvey-19105,kbwaqqc8i2kb9jjcwn,
"2020/06/26 03:01:37 PM UTC","2020/06/26 03:01:37 PM UTC",Italy,IT,Regioni:Toscana,IT52,en,100,11,10,,,,,,,,,N,N,N,limesurvey-20185,ll6zqg0ixdkb89y5hx,
"2020/07/03 09:32:13 AM UTC","2020/07/03 09:32:13 AM UTC",Italy,IT,Regioni:Calabria,IT78,en,25,0,,,,,,,,,,N,N,Y,limesurvey-22610,6ogyjr6g2ikb2r7876,
"2020/07/03 11:23:13 AM UTC","2020/07/03 11:23:13 AM UTC",Italy,IT,Province:Padova,ITPD,en,30,3,3,,,,,,,,,N,N,N,limesurvey-22613,4qonyph99hkb83n0xo,
"2020/07/03 11:23:16 AM UTC","2020/07/03 11:23:16 AM UTC",Italy,IT,Province:Padova,ITPD,en,30,3,3,,,,,,,,,N,N,N,limesurvey-22614,4qonyph99hkb83n0xo,
"2020/07/04 05:05:08 PM UTC","2020/07/04 05:05:08 PM UTC",Italy,IT,Regioni:Liguria,IT42,en,50,4,4,,,,,,,,,N,N,N,limesurvey-22655,x67ybff1x5kc7wddji,
"2020/07/04 05:05:11 PM UTC","2020/07/04 05:05:11 PM UTC",Italy,IT,Regioni:Liguria,IT42,en,50,4,4,,,,,,,,,N,N,N,limesurvey-22656,x67ybff1x5kc7wddji,
"2020/07/04 06:00:36 PM UTC","2020/07/04 06:00:36 PM UTC",Italy,IT,Regioni:Campania,IT72,en,50,0,,,,,,,,,,Y,N,N,limesurvey-22690,kg8xctg66pkc7yexq9,
"2020/07/05 12:01:59 AM UTC","2020/07/05 12:01:59 AM UTC",Italy,IT,Regioni:Lazio,IT62,en,20,0,0,,,,,,,,,N,N,N,limesurvey-22752,kbwaqqc8i2kb9jjcwn,
"2020/07/05 05:00:18 AM UTC","2020/07/05 05:00:18 AM UTC",Italy,IT,Regioni:Toscana,IT52,en,15,0,0,,,,,,,,,N,N,N,limesurvey-22764,5ve77mftb1kc8lx310,
"2020/07/05 10:58:22 AM UTC","2020/07/05 10:58:22 AM UTC",Italy,IT,Regioni:Campania,IT72,en,50,0,0,,,,,,,,,Y,N,N,limesurvey-22790,jvj1s52xghkc8ypjxc,
"2020/07/05 04:35:10 PM UTC","2020/07/05 04:35:09 PM UTC",Italy,IT,Regioni:Campania,IT72,en,50,10,10,,,,,,,,,N,N,N,limesurvey-22818,gkjg6lkbehkaxmypn5,
"2020/07/06 07:12:40 AM UTC","2020/07/06 07:12:40 AM UTC",Italy,IT,Regioni:Lazio,IT62,en,30,3,3,,,,,,,,,N,N,N,limesurvey-22856,oz6knvur8okb90lf8o,
"2020/07/06 08:30:19 AM UTC","2020/07/06 08:30:19 AM UTC",Italy,IT,Regioni:Sardegna,IT88,en,10,0,0,,,,,,,,,N,N,N,limesurvey-22867,ae0y6i1bxykb66fv2k,
"2020/07/06 12:01:11 PM UTC","2020/07/06 12:01:11 PM UTC",Italy,IT,Regioni:Lombardia,IT25,en,200,5,5,,,,,,,,,Y,Y,N,limesurvey-22886,yscfpmfge4kcage7d4,
"2020/07/11 01:54:15 PM UTC","2020/07/11 01:54:15 PM UTC",Italy,IT,,,en,200,0,0,,,,,,,,,N,N,N,limesurvey-23463,sectpgysmsbacd0o5s,
